"league","season","position","team","matches","wins","draws","losses","goalsscored","goalsconceded","goaldiff","points","week1","week2","week3","week4","week5","week6","week7","week8","week9","week10","week11","week12","week13","week14","week15","week16","week17","week18","week19","week20","week21","week22","week23","week24","week25","week26","week27","week28","week29","week30","week31","week32","week33","week34","week35","week36","week37","week38"
"Bundesliga","2015/16",1,"Bayern Munich",34,28,4,2,80,17,63,88,3,6,9,12,15,18,21,24,27,30,31,34,37,40,40,43,46,49,52,53,56,59,62,62,63,66,69,72,75,78,81,82,85,88,NA,NA,NA,NA
"Bundesliga","2015/16",2,"Borussia Dortmund",34,24,6,4,82,34,48,78,3,6,9,12,15,16,17,17,20,23,26,29,29,32,35,38,38,41,44,45,48,51,54,57,58,61,64,67,68,71,74,77,77,78,NA,NA,NA,NA
"Bundesliga","2015/16",3,"Bayer Leverkusen",34,18,6,10,56,40,16,60,3,6,6,6,6,9,12,13,14,17,17,17,20,21,21,24,27,28,31,32,35,35,35,35,36,39,42,45,48,51,54,57,57,60,NA,NA,NA,NA
"Bundesliga","2015/16",4,"Borussia Monchengladbach",34,17,4,13,67,50,17,55,0,0,0,0,0,3,6,9,12,15,18,19,22,23,26,26,29,29,29,32,32,35,36,39,39,42,42,45,45,45,48,49,52,55,NA,NA,NA,NA
"Bundesliga","2015/16",5,"Schalke 04",34,15,7,12,51,49,2,52,3,4,4,7,10,13,16,16,19,19,20,20,20,21,24,24,27,27,30,33,33,34,35,38,41,41,44,44,45,45,45,48,49,52,NA,NA,NA,NA
"Bundesliga","2015/16",6,"Mainz 05",34,14,8,12,46,42,4,50,0,3,6,6,9,9,9,12,12,12,13,16,17,20,23,24,24,24,27,30,33,33,36,39,40,40,41,44,45,45,45,46,49,50,NA,NA,NA,NA
"Bundesliga","2015/16",7,"Hertha BSC",34,14,8,12,42,42,0,50,3,4,4,7,7,10,11,14,14,17,17,20,23,23,26,29,32,33,34,35,35,36,39,42,42,45,48,48,49,49,49,49,49,50,NA,NA,NA,NA
"Bundesliga","2015/16",8,"VfL Wolfsburg",34,12,9,13,47,49,-2,45,3,4,7,8,11,11,12,12,15,18,21,21,24,25,25,26,26,26,27,27,30,31,31,34,37,37,38,38,39,39,39,39,42,45,NA,NA,NA,NA
"Bundesliga","2015/16",9,"FC Koln",34,10,13,11,38,42,-4,43,3,4,7,7,10,10,11,14,14,14,15,18,19,20,20,21,24,24,25,26,29,29,29,30,30,33,33,34,34,37,40,41,42,43,NA,NA,NA,NA
"Bundesliga","2015/16",10,"Hamburger SV",34,11,8,15,40,46,-6,41,0,3,3,6,7,10,10,10,11,14,14,15,18,21,21,22,22,22,22,23,26,27,28,28,31,31,31,34,34,34,37,38,38,41,NA,NA,NA,NA
"Bundesliga","2015/16",11,"FC Ingolstadt",34,10,10,14,33,42,-9,40,3,3,6,7,10,10,11,14,14,14,15,16,19,19,20,20,20,23,23,26,26,29,30,31,32,33,33,36,39,39,40,40,40,40,NA,NA,NA,NA
"Bundesliga","2015/16",12,"FC Augsburg",34,9,11,14,42,52,-10,38,0,1,1,1,4,4,4,5,5,5,6,6,9,10,13,16,19,20,21,21,21,24,25,25,26,27,27,27,30,33,36,37,38,38,NA,NA,NA,NA
"Bundesliga","2015/16",13,"Werder Bremen",34,10,8,16,50,65,-15,38,0,1,4,7,7,7,7,7,7,10,10,13,13,13,14,15,15,18,19,19,20,20,21,24,27,27,28,28,28,31,31,34,35,38,NA,NA,NA,NA
"Bundesliga","2015/16",14,"Darmstadt 98",34,9,11,14,38,53,-15,38,1,2,3,6,6,9,10,10,13,13,13,14,14,15,18,18,18,21,21,24,24,24,25,25,26,27,28,29,32,35,35,35,38,38,NA,NA,NA,NA
"Bundesliga","2015/16",15,"Hoffenheim",34,9,10,15,39,54,-15,37,0,0,1,1,1,2,5,6,6,6,7,8,8,9,10,13,13,14,14,14,15,18,18,21,21,24,27,28,31,34,34,37,37,37,NA,NA,NA,NA
"Bundesliga","2015/16",16,"Eintracht Frankfurt",34,9,9,16,34,52,-18,36,0,1,4,7,8,8,9,9,9,12,13,14,14,14,14,14,17,20,21,21,21,22,23,23,24,24,27,27,27,27,30,33,36,36,NA,NA,NA,NA
"Bundesliga","2015/16",17,"VfB Stuttgart",34,9,6,19,50,75,-25,33,0,0,0,0,0,3,3,4,7,7,10,10,10,10,11,12,15,18,21,24,27,28,28,28,31,32,32,33,33,33,33,33,33,33,NA,NA,NA,NA
"Bundesliga","2015/16",18,"Hannover 96",34,7,4,23,31,62,-31,25,1,1,1,1,1,1,2,5,8,8,11,11,11,14,14,14,14,14,14,14,14,14,17,17,17,17,17,17,18,21,22,22,25,25,NA,NA,NA,NA
"Bundesliga","2016/17",1,"Bayern Munich",34,25,7,2,89,22,67,82,3,6,9,12,15,16,17,20,23,24,24,27,30,33,36,39,42,45,46,49,50,53,56,59,62,65,65,68,69,70,73,76,79,82,NA,NA,NA,NA
"Bundesliga","2016/17",2,"RB Leipzig",34,20,7,7,66,39,27,67,1,4,7,8,9,12,15,18,21,24,27,30,33,33,36,36,39,42,42,42,45,48,49,49,49,52,55,58,61,62,63,66,66,67,NA,NA,NA,NA
"Bundesliga","2016/17",3,"Borussia Dortmund",34,18,10,6,72,40,32,64,3,3,6,9,12,12,13,14,15,18,21,21,24,25,26,27,30,31,34,34,37,40,43,43,46,47,50,50,53,56,57,60,61,64,NA,NA,NA,NA
"Bundesliga","2016/17",4,"Hoffenheim",34,16,14,4,64,37,27,62,1,2,3,4,7,10,13,16,19,20,21,22,25,26,27,28,31,31,34,34,37,38,41,42,45,48,51,51,54,55,58,58,61,62,NA,NA,NA,NA
"Bundesliga","2016/17",5,"FC Koln",34,12,13,9,51,42,9,49,3,4,7,10,11,12,15,15,18,18,21,22,22,23,24,25,26,29,32,32,33,33,33,34,37,37,40,40,40,41,42,45,46,49,NA,NA,NA,NA
"Bundesliga","2016/17",6,"Hertha BSC",34,15,4,15,43,47,-4,49,3,6,9,9,10,13,14,17,17,20,21,24,27,27,27,30,30,30,33,33,34,37,37,40,40,40,40,43,43,46,46,46,49,49,NA,NA,NA,NA
"Bundesliga","2016/17",7,"SC Freiburg",34,14,6,14,42,60,-18,48,0,3,3,6,6,9,9,12,15,15,15,15,16,19,20,23,23,26,26,29,30,30,33,34,35,35,38,41,41,44,44,47,48,48,NA,NA,NA,NA
"Bundesliga","2016/17",8,"Werder Bremen",34,13,6,15,61,64,-3,45,0,0,0,0,3,4,7,7,7,7,7,8,11,14,15,16,16,16,16,16,19,22,25,26,29,32,35,36,39,42,45,45,45,45,NA,NA,NA,NA
"Bundesliga","2016/17",9,"Borussia Monchengladbach",34,12,9,13,45,49,-4,45,3,3,6,7,10,10,11,11,12,12,12,13,13,16,16,16,17,20,23,26,26,29,32,32,32,33,36,39,39,39,42,43,44,45,NA,NA,NA,NA
"Bundesliga","2016/17",10,"Schalke 04",34,11,10,13,45,40,5,43,0,0,0,0,0,3,4,7,8,11,14,17,17,17,18,18,21,21,22,25,26,27,27,30,33,34,34,37,37,38,41,41,42,43,NA,NA,NA,NA
"Bundesliga","2016/17",11,"Eintracht Frankfurt",34,11,9,14,36,43,-7,42,3,3,6,9,10,10,11,14,15,18,21,24,25,26,26,29,29,32,35,35,35,35,35,35,36,37,37,38,38,41,41,41,41,42,NA,NA,NA,NA
"Bundesliga","2016/17",12,"Bayer Leverkusen",34,11,8,15,53,55,-2,41,0,3,3,4,7,10,10,10,13,16,16,16,17,20,20,21,24,24,24,27,30,30,30,31,31,32,35,35,36,36,36,37,38,41,NA,NA,NA,NA
"Bundesliga","2016/17",13,"FC Augsburg",34,9,11,14,35,51,-16,38,0,3,3,4,7,7,8,8,8,11,12,13,14,14,17,18,18,21,24,24,24,27,28,28,29,29,29,29,32,32,35,36,37,38,NA,NA,NA,NA
"Bundesliga","2016/17",14,"Hamburger SV",34,10,8,16,33,61,-28,38,1,1,1,1,1,1,2,2,2,2,3,4,7,10,10,13,13,13,16,19,20,20,23,26,27,30,30,33,33,33,33,34,35,38,NA,NA,NA,NA
"Bundesliga","2016/17",15,"Mainz 05",34,10,7,17,44,55,-11,37,0,1,4,7,7,8,11,11,14,14,17,17,17,17,20,20,21,22,22,25,25,28,29,29,29,29,29,29,32,33,33,34,37,37,NA,NA,NA,NA
"Bundesliga","2016/17",16,"VfL Wolfsburg",34,10,7,17,34,52,-18,37,3,4,5,5,5,6,6,6,6,9,9,10,10,10,13,16,19,19,19,22,22,22,23,26,29,30,30,30,33,33,33,36,37,37,NA,NA,NA,NA
"Bundesliga","2016/17",17,"FC Ingolstadt",34,8,8,18,36,57,-21,32,1,1,1,1,1,1,1,2,2,2,5,6,6,9,12,12,12,15,15,15,18,18,18,19,19,22,25,28,28,28,29,30,31,32,NA,NA,NA,NA
"Bundesliga","2016/17",18,"Darmstadt 98",34,7,4,23,28,63,-35,25,0,3,3,4,4,5,5,8,8,8,8,8,8,8,8,8,9,9,9,12,12,12,12,15,15,15,15,15,18,21,24,24,24,25,NA,NA,NA,NA
"Bundesliga","2017/18",1,"Bayern Munich",34,27,3,4,92,28,64,84,3,6,6,9,12,13,14,17,20,23,26,29,29,32,35,38,41,44,47,50,53,56,59,60,63,66,66,69,72,75,78,81,84,84,NA,NA,NA,NA
"Bundesliga","2017/18",2,"Schalke 04",34,18,9,7,53,37,16,63,3,3,6,9,9,9,10,13,16,17,20,23,24,25,26,29,30,30,31,34,34,34,37,40,43,46,49,52,52,55,56,57,60,63,NA,NA,NA,NA
"Bundesliga","2017/18",3,"Hoffenheim",34,15,10,9,66,48,18,55,3,4,7,8,11,14,14,15,16,16,19,20,20,23,23,26,26,27,27,27,28,31,31,32,35,38,39,42,43,46,49,52,52,55,NA,NA,NA,NA
"Bundesliga","2017/18",4,"Borussia Dortmund",34,15,10,9,64,47,17,55,3,6,7,10,13,16,19,19,20,20,20,20,21,22,22,25,28,29,30,31,34,37,40,41,42,45,48,48,51,51,54,55,55,55,NA,NA,NA,NA
"Bundesliga","2017/18",5,"Bayer Leverkusen",34,15,10,9,58,44,14,55,0,1,1,4,4,7,8,9,12,15,16,17,20,21,24,27,28,28,31,34,35,35,38,38,41,44,44,45,48,51,51,51,52,55,NA,NA,NA,NA
"Bundesliga","2017/18",6,"RB Leipzig",34,15,8,11,57,53,4,53,0,3,6,7,7,10,13,16,19,19,22,23,26,26,27,28,28,31,31,32,35,38,38,38,39,40,43,46,46,47,47,47,50,53,NA,NA,NA,NA
"Bundesliga","2017/18",7,"VfB Stuttgart",34,15,6,13,36,36,0,51,0,3,3,6,6,7,7,10,10,13,13,16,17,17,17,17,17,20,20,20,21,24,27,30,33,34,37,38,38,39,42,45,48,51,NA,NA,NA,NA
"Bundesliga","2017/18",8,"Eintracht Frankfurt",34,14,7,13,45,45,0,49,1,1,4,4,7,7,10,13,14,15,18,19,19,22,22,25,26,27,30,33,33,36,39,39,42,42,45,45,46,46,46,46,49,49,NA,NA,NA,NA
"Bundesliga","2017/18",9,"Borussia Monchengladbach",34,13,8,13,47,52,-5,47,3,4,4,5,8,8,11,14,14,17,18,21,24,24,25,25,28,28,31,31,31,31,31,34,35,35,36,37,40,40,43,44,47,47,NA,NA,NA,NA
"Bundesliga","2017/18",10,"Hertha BSC",34,10,13,11,43,46,-3,43,3,3,4,5,8,8,9,9,10,13,14,14,17,17,18,21,24,24,25,26,27,30,30,31,31,32,35,36,36,39,42,43,43,43,NA,NA,NA,NA
"Bundesliga","2017/18",11,"Werder Bremen",34,10,12,12,37,40,-3,42,0,0,1,1,2,3,4,4,5,5,5,8,8,11,14,14,15,16,16,17,20,23,23,26,27,30,33,36,36,37,37,38,39,42,NA,NA,NA,NA
"Bundesliga","2017/18",12,"FC Augsburg",34,10,11,13,43,46,-3,41,0,1,4,7,10,11,11,12,12,15,16,16,19,22,23,23,24,27,27,28,31,31,31,32,32,35,35,36,36,37,40,41,41,41,NA,NA,NA,NA
"Bundesliga","2017/18",13,"Hannover 96",34,10,9,15,44,54,-10,39,3,6,7,10,11,12,12,12,15,18,18,18,19,19,22,22,23,26,27,27,28,31,32,32,32,32,32,32,35,36,36,36,39,39,NA,NA,NA,NA
"Bundesliga","2017/18",14,"Mainz 05",34,9,9,16,38,52,-14,36,0,0,3,3,3,6,7,10,10,11,12,15,15,15,16,16,17,17,20,20,20,20,23,24,25,25,25,26,27,30,30,33,36,36,NA,NA,NA,NA
"Bundesliga","2017/18",15,"SC Freiburg",34,8,12,14,32,56,-24,36,1,1,2,2,3,4,7,7,8,8,8,8,11,12,15,18,19,20,23,24,25,25,28,29,29,30,30,30,30,30,30,33,33,36,NA,NA,NA,NA
"Bundesliga","2017/18",16,"VfL Wolfsburg",34,6,15,13,36,48,-12,33,0,3,4,4,5,6,7,8,9,10,11,14,14,17,18,19,19,20,20,23,24,24,24,25,25,25,25,26,29,30,30,30,30,33,NA,NA,NA,NA
"Bundesliga","2017/18",17,"Hamburger SV",34,8,7,19,29,53,-24,31,3,6,6,6,6,6,7,7,7,7,10,10,13,14,15,15,15,15,15,16,17,17,17,17,18,18,18,19,22,22,25,28,28,31,NA,NA,NA,NA
"Bundesliga","2017/18",18,"FC Koln",34,5,7,22,35,70,-35,22,0,0,0,0,0,1,1,1,2,2,2,2,2,3,3,3,6,9,12,13,13,13,14,17,17,17,20,20,21,21,22,22,22,22,NA,NA,NA,NA
"Bundesliga","2018/19",1,"Bayern Munich",34,24,6,4,88,32,56,78,3,6,9,12,13,13,13,16,19,20,20,21,24,27,30,33,36,39,42,42,45,48,51,54,57,60,61,64,67,70,71,74,75,78,NA,NA,NA,NA
"Bundesliga","2018/19",2,"Borussia Dortmund",34,23,7,4,81,44,37,76,3,4,7,8,11,14,17,20,21,24,27,30,33,36,39,39,42,45,48,49,50,51,54,54,57,60,63,63,66,69,69,70,73,76,NA,NA,NA,NA
"Bundesliga","2018/19",3,"RB Leipzig",34,19,9,6,63,29,34,66,0,1,4,5,8,11,14,15,16,19,22,22,25,25,28,28,31,31,34,37,38,41,42,45,46,49,52,55,58,61,64,65,66,66,NA,NA,NA,NA
"Bundesliga","2018/19",4,"Bayer Leverkusen",34,18,4,12,69,52,17,58,0,0,0,3,6,6,7,8,11,11,11,14,15,18,18,21,24,24,27,30,33,36,36,39,42,42,42,42,45,48,51,54,55,58,NA,NA,NA,NA
"Bundesliga","2018/19",5,"Borussia Monchengladbach",34,16,7,11,55,42,13,55,3,4,7,7,10,11,14,17,17,20,23,26,26,29,30,33,33,36,39,42,42,43,43,43,46,47,47,48,51,51,51,52,55,55,NA,NA,NA,NA
"Bundesliga","2018/19",6,"VfL Wolfsburg",34,16,7,11,62,50,12,55,3,6,7,7,8,9,9,9,12,12,12,15,18,19,22,25,28,28,28,31,32,35,38,39,39,42,42,45,45,46,49,52,52,55,NA,NA,NA,NA
"Bundesliga","2018/19",7,"Eintracht Frankfurt",34,15,9,10,60,48,12,54,3,3,3,4,4,7,10,13,14,17,20,23,23,23,26,27,27,30,31,32,33,34,37,40,43,46,49,52,52,53,54,54,54,54,NA,NA,NA,NA
"Bundesliga","2018/19",8,"Werder Bremen",34,14,11,9,58,49,9,53,1,4,5,8,11,11,14,17,17,17,17,18,18,21,21,22,22,25,26,27,30,31,32,33,36,39,42,43,46,46,46,47,50,53,NA,NA,NA,NA
"Bundesliga","2018/19",9,"Hoffenheim",34,13,12,9,70,52,18,51,0,3,3,4,7,7,7,10,13,16,19,20,21,22,23,24,25,25,28,29,30,33,34,34,37,38,41,44,47,50,50,51,51,51,NA,NA,NA,NA
"Bundesliga","2018/19",10,"Fortuna Dusseldorf",34,13,5,16,49,65,-16,44,0,1,4,5,5,5,5,5,5,5,8,9,9,9,12,15,18,21,21,22,25,25,28,31,31,31,34,37,37,37,40,41,41,44,NA,NA,NA,NA
"Bundesliga","2018/19",11,"Hertha BSC",34,11,10,13,49,57,-8,43,3,6,7,10,10,13,14,15,16,16,16,17,20,23,23,24,24,27,28,28,31,32,32,35,35,35,35,35,35,36,37,40,43,43,NA,NA,NA,NA
"Bundesliga","2018/19",12,"Mainz 05",34,12,7,15,46,57,-11,43,3,4,7,7,8,8,9,9,9,12,15,15,18,19,19,20,21,24,27,27,27,27,30,30,30,30,30,33,33,36,36,37,40,43,NA,NA,NA,NA
"Bundesliga","2018/19",13,"SC Freiburg",34,8,12,14,46,61,-15,36,0,0,1,4,7,7,8,9,12,13,13,14,14,17,17,18,21,21,21,22,23,24,27,27,30,31,32,32,32,32,32,33,33,36,NA,NA,NA,NA
"Bundesliga","2018/19",14,"Schalke 04",34,8,9,17,37,55,-18,33,0,0,0,0,0,3,6,6,7,10,10,13,14,14,15,15,18,21,22,22,22,23,23,23,23,23,26,26,27,27,30,31,32,33,NA,NA,NA,NA
"Bundesliga","2018/19",15,"FC Augsburg",34,8,8,18,51,71,-20,32,3,4,4,4,5,8,8,9,12,13,13,13,13,13,14,15,15,15,15,18,18,18,18,21,22,25,25,25,28,31,31,32,32,32,NA,NA,NA,NA
"Bundesliga","2018/19",16,"VfB Stuttgart",34,7,7,20,32,70,-38,28,0,0,1,2,2,5,5,5,5,5,8,8,11,11,14,14,14,14,14,15,15,15,16,19,19,20,20,21,21,21,24,24,27,28,NA,NA,NA,NA
"Bundesliga","2018/19",17,"Hannover 96",34,5,6,23,32,72,-40,21,1,2,2,2,2,2,5,6,6,6,9,9,9,10,10,11,11,11,11,11,14,14,14,14,14,14,14,14,14,15,18,18,21,21,NA,NA,NA,NA
"Bundesliga","2018/19",18,"FC Nurnberg",34,3,10,21,26,68,-42,19,0,1,2,5,5,8,8,8,9,10,10,10,11,11,11,11,11,11,11,12,12,13,13,13,13,13,16,17,18,18,19,19,19,19,NA,NA,NA,NA
"Bundesliga","2019/20",1,"Bayern Munich",34,26,4,4,100,32,68,82,1,4,7,8,11,14,14,15,18,18,21,24,24,24,27,30,33,36,39,42,43,46,49,52,55,58,61,64,67,70,73,76,79,82,NA,NA,NA,NA
"Bundesliga","2019/20",2,"Borussia Dortmund",34,21,6,7,84,41,43,69,3,6,6,9,10,11,12,15,16,19,19,20,23,26,29,30,30,33,36,39,39,42,45,48,51,54,57,57,60,63,66,66,69,69,NA,NA,NA,NA
"Bundesliga","2019/20",3,"RB Leipzig",34,18,12,4,81,37,44,66,3,6,9,10,13,13,14,15,15,18,21,24,27,30,33,34,37,40,40,41,42,45,48,49,50,51,54,55,58,59,62,63,63,66,NA,NA,NA,NA
"Bundesliga","2019/20",4,"Borussia Monchengladbach",34,20,5,9,66,40,26,65,1,4,4,7,10,13,16,16,19,22,25,25,28,31,31,34,35,35,38,39,42,45,46,49,49,52,52,53,56,56,56,59,62,65,NA,NA,NA,NA
"Bundesliga","2019/20",5,"Bayer Leverkusen",34,19,6,9,61,44,17,63,3,6,7,7,10,13,14,14,15,15,18,19,22,25,25,25,28,31,34,34,37,40,43,44,47,50,53,53,56,56,57,60,60,63,NA,NA,NA,NA
"Bundesliga","2019/20",6,"Hoffenheim",34,15,7,12,53,53,0,52,0,3,4,4,5,5,8,11,14,17,20,20,21,21,21,24,27,27,30,33,33,33,34,34,35,35,36,39,42,43,43,46,49,52,NA,NA,NA,NA
"Bundesliga","2019/20",7,"VfL Wolfsburg",34,13,10,11,48,46,2,49,3,6,7,8,9,12,15,16,17,17,17,20,20,20,23,24,24,24,24,27,28,31,34,35,36,39,39,42,42,45,46,46,49,49,NA,NA,NA,NA
"Bundesliga","2019/20",8,"SC Freiburg",34,13,9,12,48,47,1,48,3,6,6,9,10,13,14,14,17,18,21,22,22,25,25,25,26,29,29,29,32,33,33,33,36,37,37,38,38,41,42,45,45,48,NA,NA,NA,NA
"Bundesliga","2019/20",9,"Eintracht Frankfurt",34,13,6,15,59,60,-1,45,3,3,6,6,7,10,11,14,14,17,17,17,17,18,18,18,18,21,24,25,28,28,28,31,31,31,31,32,35,35,38,41,42,45,NA,NA,NA,NA
"Bundesliga","2019/20",10,"Hertha BSC",34,11,8,15,48,59,-11,41,1,1,1,1,4,7,10,11,11,11,11,11,11,12,15,18,19,19,22,23,23,26,26,27,28,31,34,35,38,38,38,38,41,41,NA,NA,NA,NA
"Bundesliga","2019/20",11,"Union Berlin",34,12,5,17,41,58,-17,41,0,1,4,4,4,4,4,7,7,10,13,16,16,19,20,20,20,20,23,23,26,26,29,30,30,30,30,31,31,32,35,38,38,41,NA,NA,NA,NA
"Bundesliga","2019/20",12,"Schalke 04",34,9,12,13,38,58,-20,39,1,1,4,7,10,13,14,14,15,18,19,22,25,25,28,29,30,33,33,34,35,36,36,36,37,37,37,37,37,38,39,39,39,39,NA,NA,NA,NA
"Bundesliga","2019/20",13,"Mainz 05",34,11,4,19,44,65,-21,37,0,0,0,3,3,3,6,6,9,9,9,12,15,15,15,18,18,18,18,18,21,22,22,25,26,27,27,28,28,31,31,34,37,37,NA,NA,NA,NA
"Bundesliga","2019/20",14,"FC Koln",34,10,6,18,51,69,-18,36,0,0,3,3,3,3,4,7,7,7,7,7,8,8,11,14,17,20,20,23,23,23,26,29,32,33,34,34,34,35,35,35,36,36,NA,NA,NA,NA
"Bundesliga","2019/20",15,"FC Augsburg",34,9,9,16,45,63,-18,36,0,1,1,4,5,5,5,6,7,7,10,13,14,17,20,23,23,23,23,26,26,27,27,27,27,27,30,31,31,32,35,35,36,36,NA,NA,NA,NA
"Bundesliga","2019/20",16,"Werder Bremen",34,8,7,19,42,69,-27,31,0,0,3,6,6,7,8,9,10,11,11,11,14,14,14,14,14,17,17,17,17,17,17,17,18,18,21,22,25,25,28,28,28,31,NA,NA,NA,NA
"Bundesliga","2019/20",17,"Fortuna Dusseldorf",34,6,12,16,36,67,-31,30,3,3,3,4,4,4,4,7,7,10,11,11,12,12,12,12,15,15,15,16,17,17,20,21,22,23,24,27,27,28,28,29,30,30,NA,NA,NA,NA
"Bundesliga","2019/20",18,"SC Paderborn",34,4,8,22,37,74,-37,20,0,0,1,1,1,1,1,1,4,4,4,5,5,8,9,9,12,12,15,15,16,16,16,16,16,17,18,19,19,20,20,20,20,20,NA,NA,NA,NA
"La Liga","2015/16",1,"Barcelona",38,29,4,5,112,29,83,91,3,6,9,12,12,15,15,18,21,24,27,30,33,34,35,38,41,42,45,48,51,54,57,60,63,66,69,72,75,76,76,76,76,79,82,85,88,91
"La Liga","2015/16",2,"Real Madrid",38,28,6,4,110,34,76,90,1,4,7,10,13,14,15,18,21,24,24,24,27,30,30,33,36,37,40,43,44,47,50,53,54,54,57,60,63,66,69,72,75,78,81,84,87,90
"La Liga","2015/16",3,"Atletico Madrid",38,28,4,6,63,18,45,88,3,6,6,9,12,12,13,16,19,20,23,26,29,32,35,35,38,41,44,47,48,48,51,54,55,58,61,64,67,67,70,73,76,79,82,85,85,88
"La Liga","2015/16",4,"Villarreal",38,18,10,10,44,35,9,64,1,4,7,10,13,16,16,16,17,20,20,21,21,24,27,30,33,36,39,40,41,44,45,48,49,52,53,53,53,54,57,60,60,60,61,64,64,64
"La Liga","2015/16",5,"Athletic Bilbao",38,18,8,12,58,45,13,62,0,0,3,3,3,4,7,8,11,14,17,17,20,21,21,24,27,28,28,28,31,34,35,35,35,38,41,44,47,47,48,51,54,54,55,58,59,62
"La Liga","2015/16",6,"Celta Vigo",38,17,9,12,51,59,-8,60,3,6,7,10,13,14,15,18,18,21,21,21,24,25,28,31,31,31,31,34,34,34,35,35,38,41,42,42,45,48,49,52,53,54,57,57,60,60
"La Liga","2015/16",7,"Sevilla",38,14,10,14,51,50,1,52,1,1,2,2,2,5,8,9,12,12,15,15,18,19,22,23,26,26,29,32,33,36,37,40,41,41,44,45,48,48,48,48,49,49,52,52,52,52
"La Liga","2015/16",8,"Malaga",38,12,12,14,38,35,3,48,1,1,2,2,2,3,6,6,9,9,9,9,10,11,14,17,20,23,24,24,24,27,30,30,31,32,32,33,36,39,40,41,41,42,42,45,45,48
"La Liga","2015/16",9,"Real Sociedad",38,13,9,16,45,48,-3,48,1,2,2,2,5,6,6,6,9,9,9,12,12,15,16,16,16,17,20,21,21,24,27,30,33,34,34,35,35,35,38,41,41,41,42,42,45,48
"La Liga","2015/16",10,"Real Betis",38,11,12,15,34,52,-18,45,1,1,4,5,5,8,11,11,12,12,15,15,18,19,19,20,20,20,20,21,22,22,25,26,27,28,31,34,34,34,34,37,38,41,41,41,42,45
"La Liga","2015/16",11,"Las Palmas",38,12,8,18,45,53,-8,44,0,1,2,2,5,5,5,5,6,6,9,10,10,10,13,13,16,17,18,18,18,21,21,21,21,24,27,30,30,33,36,39,40,40,43,43,44,44
"La Liga","2015/16",12,"Valencia",38,11,11,16,46,48,-2,44,1,2,5,6,6,9,9,12,12,15,18,19,19,20,21,22,22,23,23,24,25,25,25,28,31,31,34,34,34,34,34,37,40,43,44,44,44,44
"La Liga","2015/16",13,"Espanyol",38,12,7,19,40,74,-34,43,3,3,3,6,9,9,9,12,12,13,13,16,16,17,17,20,20,21,21,21,22,22,22,22,25,28,28,31,32,35,36,36,36,37,37,40,40,43
"La Liga","2015/16",14,"Eibar",38,11,10,17,49,61,-12,43,3,6,7,7,8,9,12,13,13,16,19,20,20,20,21,21,24,27,30,33,33,33,33,36,36,36,36,36,37,38,38,38,41,41,42,42,43,43
"La Liga","2015/16",15,"Deportivo La Coruna",38,8,18,12,45,61,-16,42,1,2,5,5,8,11,12,13,13,14,15,18,21,22,23,26,27,27,27,28,29,30,31,32,32,32,32,33,33,36,37,37,38,38,39,39,42,42
"La Liga","2015/16",16,"Granada",38,10,9,19,46,69,-23,39,0,3,3,3,3,3,4,5,6,7,7,10,11,11,14,14,14,17,17,17,20,20,20,20,20,23,26,26,27,28,29,30,30,33,33,36,39,39
"La Liga","2015/16",17,"Sporting Gijon",38,10,9,19,40,62,-22,39,1,2,2,5,5,5,8,9,9,12,12,12,12,15,15,15,15,15,15,15,18,21,22,23,24,24,24,24,24,27,28,28,29,32,32,35,36,39
"La Liga","2015/16",18,"Rayo Vallecano",38,9,11,18,52,73,-21,38,1,1,1,4,7,7,7,7,10,10,13,14,14,14,14,14,14,15,15,16,19,20,23,24,25,26,26,26,27,28,31,31,34,35,35,35,35,38
"La Liga","2015/16",19,"Getafe",38,9,9,20,37,67,-30,36,0,0,0,3,3,6,7,10,10,10,10,11,14,14,15,16,17,20,23,26,26,26,26,26,26,26,26,27,27,28,28,28,28,31,32,35,36,36
"La Liga","2015/16",20,"Levante",38,8,8,22,37,70,-33,32,0,1,2,2,3,3,6,6,6,6,7,10,10,11,11,11,11,11,14,14,17,17,17,17,20,20,20,21,24,24,25,25,28,28,29,29,32,32
"La Liga","2016/17",1,"Real Madrid",38,29,6,3,106,41,65,93,3,6,9,12,13,14,15,18,21,24,27,30,33,34,37,37,40,40,43,46,49,52,55,58,59,62,65,68,71,74,75,78,78,81,84,87,90,93
"La Liga","2016/17",2,"Barcelona",38,28,6,4,116,37,79,90,3,6,6,9,10,13,13,16,19,22,25,26,27,28,31,34,35,38,41,42,45,48,51,54,57,60,60,63,66,69,69,72,75,78,81,84,87,90
"La Liga","2016/17",3,"Atletico Madrid",38,23,9,6,70,27,43,78,1,2,5,8,9,12,15,18,18,21,21,21,24,25,25,28,31,34,35,36,39,42,45,45,46,49,52,55,58,61,62,65,68,68,71,74,75,78
"La Liga","2016/17",4,"Sevilla",38,21,9,8,69,49,20,72,3,4,7,8,11,11,14,17,20,21,21,24,27,27,30,33,36,39,42,42,43,46,49,52,55,56,57,57,58,58,61,62,65,68,68,69,69,72
"La Liga","2016/17",5,"Villarreal",38,19,10,9,56,33,23,67,1,2,5,8,9,12,13,16,19,19,22,22,22,23,26,29,30,31,31,34,35,36,39,39,42,45,48,48,48,51,54,54,57,60,63,63,64,67
"La Liga","2016/17",6,"Real Sociedad",38,19,7,12,59,53,6,64,0,3,4,4,7,7,10,10,13,16,19,22,23,23,26,29,29,32,35,35,38,41,41,44,45,48,48,48,49,49,52,52,55,58,61,62,63,64
"La Liga","2016/17",7,"Athletic Bilbao",38,19,6,13,53,43,10,63,0,0,3,6,9,12,12,15,15,16,17,20,20,23,23,26,27,28,29,32,32,35,35,38,38,41,44,44,47,50,50,53,56,59,62,62,63,63
"La Liga","2016/17",8,"Espanyol",38,15,11,12,49,50,-1,56,0,1,2,2,5,5,6,7,8,11,12,15,18,19,22,22,23,23,26,29,32,32,32,35,36,36,39,40,43,43,46,49,49,50,50,53,53,56
"La Liga","2016/17",9,"Alaves",38,14,13,11,41,43,-2,55,1,2,5,6,6,9,9,10,10,10,13,13,16,17,18,21,22,22,23,24,27,27,30,33,33,34,37,40,40,40,40,43,44,45,48,51,54,55
"La Liga","2016/17",10,"Eibar",38,15,9,14,56,51,5,54,0,3,6,7,7,10,11,11,12,15,15,18,21,21,22,23,23,26,26,29,32,35,35,38,39,39,40,41,44,47,50,50,50,51,54,54,54,54
"La Liga","2016/17",11,"Malaga",38,12,10,16,49,55,-6,46,1,2,2,2,5,5,8,9,12,12,15,16,19,20,21,21,21,21,21,22,22,23,26,26,26,26,26,27,27,30,33,33,36,39,42,45,46,46
"La Liga","2016/17",12,"Valencia",38,13,7,18,56,65,-9,46,0,0,0,0,3,6,6,9,9,10,10,11,11,12,12,15,16,19,22,22,22,23,26,26,29,29,30,30,33,36,39,40,40,40,40,43,46,46
"La Liga","2016/17",13,"Celta Vigo",38,13,6,19,53,69,-16,45,0,0,0,1,4,7,10,10,13,14,17,17,20,21,21,21,24,27,27,30,30,30,33,34,35,35,35,38,41,41,41,44,44,44,44,44,44,45
"La Liga","2016/17",14,"Las Palmas",38,10,9,19,53,74,-21,39,3,6,6,9,9,10,11,12,12,13,16,16,19,20,21,21,24,24,25,28,28,28,28,28,29,32,32,35,35,35,38,38,39,39,39,39,39,39
"La Liga","2016/17",15,"Real Betis",38,10,9,19,41,64,-23,39,0,1,4,5,5,8,8,8,11,11,11,14,14,15,18,18,21,21,22,23,24,25,25,25,28,28,28,31,31,31,31,34,37,37,37,37,38,39
"La Liga","2016/17",16,"Deportivo La Coruna",38,8,12,18,43,61,-18,36,3,4,4,5,5,5,8,8,8,9,10,10,10,13,13,16,17,18,19,19,20,20,20,20,21,24,27,27,27,28,28,31,31,31,32,32,33,36
"La Liga","2016/17",17,"Leganes",38,8,11,19,36,55,-19,35,3,4,4,4,7,7,10,10,10,10,10,13,13,14,15,16,16,17,18,18,18,18,18,21,21,24,25,26,27,27,27,27,27,30,30,33,34,35
"La Liga","2016/17",18,"Sporting Gijon",38,7,10,21,42,72,-30,31,3,4,7,7,7,7,7,7,8,9,9,9,9,12,12,12,12,12,13,13,13,16,16,17,17,17,18,21,22,22,22,22,23,24,24,27,30,31
"La Liga","2016/17",19,"Osasuna",38,4,10,24,40,94,-54,22,1,1,1,2,2,2,3,6,6,7,7,7,7,7,7,7,8,9,9,10,10,10,10,10,10,10,11,11,11,14,17,17,18,18,19,19,22,22
"La Liga","2016/17",20,"Granada",38,4,8,26,30,82,-52,20,1,1,1,2,2,2,2,2,3,3,4,5,5,8,9,9,9,10,10,10,13,13,16,16,19,19,19,19,19,20,20,20,20,20,20,20,20,20
"La Liga","2017/18",1,"Barcelona",38,28,9,1,99,29,70,93,3,6,9,12,15,18,21,22,25,28,31,34,35,36,39,42,45,48,51,54,57,58,59,62,65,66,69,72,75,76,79,82,83,86,89,90,90,93
"La Liga","2017/18",2,"Atletico Madrid",38,23,10,5,58,22,36,79,1,4,5,8,11,14,15,16,19,20,23,24,27,30,33,36,36,39,42,43,46,49,52,55,58,61,61,64,64,67,68,71,71,72,75,75,78,79
"La Liga","2017/18",3,"Real Madrid",38,22,10,6,94,44,50,76,3,4,5,8,8,11,14,17,20,20,23,24,27,28,31,34,34,35,35,38,41,42,45,48,51,51,54,57,60,63,64,67,68,68,71,72,75,76
"La Liga","2017/18",4,"Valencia",38,22,7,9,65,38,27,73,3,4,5,6,9,12,15,18,21,24,27,30,31,31,34,34,34,37,40,40,40,40,43,46,49,50,53,56,59,62,65,65,65,66,67,67,70,73
"La Liga","2017/18",5,"Villarreal",38,18,7,13,57,50,7,61,0,0,3,6,7,7,10,13,16,17,20,21,21,21,21,24,27,28,31,34,37,37,37,38,41,41,41,44,47,47,47,48,51,51,54,57,60,61
"La Liga","2017/18",6,"Real Betis",38,18,6,14,60,61,-1,60,0,3,3,6,9,12,13,13,16,16,17,17,18,18,18,21,21,24,27,27,27,30,33,33,36,37,37,40,43,46,49,52,55,56,59,59,60,60
"La Liga","2017/18",7,"Sevilla",38,17,7,14,49,58,-9,58,1,4,7,10,13,13,16,16,16,19,19,22,25,28,28,29,29,29,29,32,33,33,36,39,39,42,45,45,45,46,46,47,48,51,51,54,55,58
"La Liga","2017/18",8,"Getafe",38,15,10,13,42,33,9,55,1,1,4,4,5,8,8,8,9,12,13,16,16,19,20,20,23,23,26,27,28,29,30,33,33,36,36,36,39,39,39,42,45,48,49,52,52,55
"La Liga","2017/18",9,"Eibar",38,14,9,15,44,50,-6,51,3,3,3,6,6,6,6,7,7,8,8,11,14,17,18,21,24,27,27,28,29,32,35,35,35,38,39,39,39,40,40,40,43,43,44,47,50,51
"La Liga","2017/18",10,"Girona",38,14,9,15,50,59,-9,51,1,4,4,4,5,5,6,6,9,12,15,16,17,17,20,23,23,23,26,27,28,31,31,34,34,37,40,43,43,44,44,44,47,47,48,48,48,51
"La Liga","2017/18",11,"Espanyol",38,12,13,13,36,42,-6,49,1,1,1,4,5,8,8,9,10,13,13,13,16,16,16,17,20,23,24,24,24,25,26,27,28,31,32,35,35,36,36,36,36,39,40,43,46,49
"La Liga","2017/18",12,"Celta Vigo",38,13,10,15,59,60,-1,49,0,0,3,3,4,7,8,11,11,11,14,14,17,18,18,18,21,22,25,28,31,31,32,32,35,35,38,38,39,40,43,43,44,45,45,46,46,49
"La Liga","2017/18",13,"Real Sociedad",38,14,7,17,66,59,7,49,3,6,9,9,9,9,10,13,14,14,17,18,19,19,19,20,23,23,23,23,23,26,26,29,29,30,33,33,33,34,37,40,43,43,46,46,49,49
"La Liga","2017/18",14,"Alaves",38,15,2,21,40,50,-10,47,0,0,0,0,0,0,3,3,3,3,6,6,6,9,12,12,15,15,18,19,19,22,25,28,28,31,31,31,31,32,35,38,38,41,41,44,47,47
"La Liga","2017/18",15,"Levante",38,11,13,14,44,58,-14,46,3,4,5,6,9,9,9,10,11,12,12,15,15,16,16,17,18,18,18,18,19,20,20,20,20,20,21,24,27,28,31,31,34,37,40,43,46,46
"La Liga","2017/18",16,"Athletic Bilbao",38,10,13,15,41,49,-8,43,1,4,7,7,7,8,8,11,11,11,11,12,13,14,17,18,21,24,25,26,27,27,28,28,31,32,32,35,35,36,39,39,40,40,40,43,43,43
"La Liga","2017/18",17,"Leganes",38,12,7,19,34,51,-17,43,3,6,6,6,7,10,11,14,17,17,17,17,17,20,20,20,21,24,24,25,28,29,29,29,30,30,33,33,36,36,36,39,39,40,40,40,40,43
"La Liga","2017/18",18,"Deportivo La Coruna",38,6,11,21,38,76,-38,29,0,1,1,1,4,4,7,8,8,11,11,11,12,12,15,15,15,16,16,16,17,17,17,17,18,18,19,19,20,20,23,26,27,28,28,29,29,29
"La Liga","2017/18",19,"Las Palmas",38,5,7,26,24,74,-50,22,0,0,3,6,6,6,6,6,6,6,6,6,7,10,10,11,11,11,11,14,14,17,18,18,19,20,20,20,21,21,21,21,21,21,22,22,22,22
"La Liga","2017/18",20,"Malaga",38,5,5,28,24,61,-37,20,0,0,0,0,0,1,1,1,1,4,4,7,7,8,11,11,11,11,11,12,13,13,13,13,13,13,13,13,14,17,17,17,17,20,20,20,20,20
"La Liga","2018/19",1,"Barcelona",38,26,9,3,90,36,54,87,3,6,9,12,13,13,14,15,18,21,24,24,25,28,31,34,37,40,43,46,49,50,51,54,57,60,63,66,69,70,73,74,77,80,83,83,86,87
"La Liga","2018/19",2,"Atletico Madrid",38,22,10,6,55,29,26,76,1,4,4,5,8,11,12,15,16,19,20,23,24,25,28,31,34,35,38,41,44,44,44,47,50,53,56,56,59,62,62,65,68,71,74,74,75,76
"La Liga","2018/19",3,"Real Madrid",38,21,5,12,63,46,17,68,3,6,9,10,13,13,14,14,14,14,17,20,20,23,26,29,30,30,33,36,39,42,45,45,48,48,51,54,57,57,60,61,64,65,65,68,68,68
"La Liga","2018/19",4,"Valencia",38,15,16,7,51,35,16,61,1,1,2,3,4,5,8,9,10,11,11,14,17,17,18,19,22,22,23,26,29,30,31,32,33,36,39,40,43,46,46,49,52,52,52,55,58,61
"La Liga","2018/19",5,"Getafe",38,15,14,9,48,35,13,59,0,3,4,7,7,8,9,9,12,15,16,16,17,20,21,24,25,25,28,31,31,32,35,36,39,42,45,46,46,47,50,51,54,55,55,58,58,59
"La Liga","2018/19",6,"Sevilla",38,17,8,13,62,47,15,59,3,4,4,4,7,10,13,16,16,19,20,23,26,27,28,31,32,33,33,33,36,36,37,37,37,37,40,43,43,46,49,52,52,55,55,55,56,59
"La Liga","2018/19",7,"Espanyol",38,14,11,13,48,50,-2,53,1,4,4,7,7,10,11,14,17,18,21,21,21,21,21,21,21,24,24,24,24,25,28,29,30,33,34,34,34,35,38,41,42,43,44,47,50,53
"La Liga","2018/19",8,"Athletic Bilbao",38,13,14,11,41,45,-4,53,3,4,5,6,7,7,8,8,9,10,10,10,11,11,14,15,16,19,22,23,26,26,27,30,33,33,34,37,40,43,43,46,46,49,50,50,53,53
"La Liga","2018/19",9,"Real Sociedad",38,13,11,14,35,36,-1,50,3,4,4,4,7,8,8,11,12,12,13,16,19,19,19,19,19,22,25,26,27,30,31,34,35,35,35,36,37,40,40,41,41,41,44,47,50,50
"La Liga","2018/19",10,"Real Betis",38,14,8,16,44,52,-8,50,0,1,4,5,6,9,12,12,12,12,13,16,16,19,22,25,26,26,26,29,29,32,32,33,36,36,39,39,40,40,43,43,43,43,44,44,47,50
"La Liga","2018/19",11,"Alaves",38,13,11,14,39,50,-11,50,0,1,4,7,10,11,11,14,17,20,20,23,23,24,24,25,28,31,32,32,32,32,35,36,37,40,41,44,44,44,45,45,46,46,47,47,47,50
"La Liga","2018/19",12,"Eibar",38,11,14,13,46,50,-4,47,0,0,3,4,7,7,7,10,11,11,14,15,18,18,19,20,21,22,22,25,26,29,30,31,31,34,35,35,36,39,39,40,40,40,43,46,46,47
"La Liga","2018/19",13,"Leganes",38,11,12,15,37,43,-6,45,0,1,1,1,1,4,4,7,8,8,9,10,13,16,17,18,19,19,22,22,23,26,29,29,30,33,33,33,36,39,40,41,41,41,42,45,45,45
"La Liga","2018/19",14,"Villarreal",38,10,14,14,49,52,-3,44,0,1,1,4,5,8,8,8,9,9,10,11,14,14,14,15,16,17,17,18,18,19,20,23,23,23,26,29,29,30,30,33,36,39,40,40,43,44
"La Liga","2018/19",15,"Levante",38,11,11,16,59,66,-7,44,3,3,4,4,4,4,7,10,13,16,17,17,18,21,22,22,22,23,23,26,26,27,27,30,30,30,30,31,32,32,33,33,34,37,37,40,43,44
"La Liga","2018/19",16,"Valladolid",38,10,11,17,32,51,-19,41,1,1,2,2,3,6,9,12,15,16,16,17,17,17,20,20,21,21,22,22,25,25,26,26,26,26,26,29,30,30,30,31,32,35,35,38,41,41
"La Liga","2018/19",17,"Celta Vigo",38,10,11,17,53,62,-9,41,1,4,7,7,8,9,10,10,10,13,14,14,14,17,20,21,21,21,21,21,21,24,24,24,25,25,25,25,28,29,32,32,35,36,37,40,40,41
"La Liga","2018/19",18,"Girona",38,9,10,19,37,53,-16,37,1,1,4,7,8,8,9,9,10,13,16,17,20,21,21,21,22,23,24,24,24,24,24,27,28,31,31,34,34,34,34,34,34,34,37,37,37,37
"La Liga","2018/19",19,"Huesca",38,7,12,19,43,65,-22,33,3,4,4,4,4,4,5,5,5,5,6,6,7,7,7,8,8,11,11,11,12,15,18,18,19,22,22,22,22,23,24,25,26,29,30,30,30,33
"La Liga","2018/19",20,"Rayo Vallecano",38,8,8,22,41,70,-29,32,0,0,1,4,4,5,6,6,6,6,6,7,7,10,10,10,13,16,19,20,23,23,23,23,23,23,23,23,24,24,27,27,28,28,31,31,31,32
"La Liga","2019/20",1,"Real Madrid",38,26,9,3,70,25,45,87,3,4,5,8,11,14,15,18,18,19,22,23,26,29,32,35,36,37,40,43,46,49,52,53,53,56,56,59,62,65,68,71,74,77,80,83,86,87
"La Liga","2019/20",2,"Barcelona",38,25,7,6,86,38,48,82,0,3,4,7,7,10,13,16,19,20,23,23,26,29,32,35,36,39,40,43,43,46,49,52,55,55,58,61,64,65,68,69,70,73,76,79,79,82
"La Liga","2019/20",3,"Sevilla",38,19,13,6,54,34,20,70,3,6,7,10,10,10,13,13,16,19,20,21,24,27,30,31,31,34,35,35,38,39,39,40,43,46,47,50,51,52,53,54,57,60,63,66,67,70
"La Liga","2019/20",4,"Atletico Madrid",38,18,16,4,51,27,24,70,3,6,9,9,10,13,14,15,16,19,20,21,24,25,25,26,29,32,35,35,36,36,39,40,43,44,45,46,49,52,55,58,59,62,63,66,69,70
"La Liga","2019/20",5,"Villarreal",38,18,6,14,63,49,14,60,1,1,2,5,8,8,11,11,14,17,17,18,18,18,18,19,22,25,28,28,31,34,35,38,38,38,38,41,44,47,48,51,54,54,57,57,57,60
"La Liga","2019/20",6,"Real Sociedad",38,16,8,14,56,48,8,56,1,4,4,7,10,13,13,13,16,19,19,22,23,23,26,27,28,31,31,31,34,34,37,40,43,46,46,47,47,47,47,47,50,51,51,54,55,56
"La Liga","2019/20",7,"Granada",38,16,8,14,52,45,7,56,1,1,4,7,10,11,14,14,17,20,20,20,20,21,21,24,24,24,27,27,27,30,30,33,36,37,38,41,42,42,43,43,46,47,50,50,53,56
"La Liga","2019/20",8,"Getafe",38,14,12,12,43,37,6,54,0,1,2,3,6,7,7,10,13,13,16,19,20,21,24,27,30,30,30,33,36,39,42,42,42,45,46,46,47,48,49,52,52,53,53,54,54,54
"La Liga","2019/20",9,"Valencia",38,14,11,13,46,53,-7,53,1,1,4,4,5,6,9,12,13,13,14,17,20,20,23,26,27,28,31,31,34,37,37,38,38,41,42,43,43,46,46,46,46,47,50,50,53,53
"La Liga","2019/20",10,"Osasuna",38,13,13,12,46,54,-8,52,3,4,5,6,7,7,8,11,11,14,15,18,19,19,22,23,23,23,24,25,28,28,28,31,31,31,34,35,35,35,38,41,44,45,45,48,51,52
"La Liga","2019/20",11,"Athletic Bilbao",38,13,12,13,41,38,3,51,3,4,7,8,11,12,12,12,13,13,16,17,20,23,26,26,27,28,29,30,31,31,31,31,31,34,37,38,39,42,42,45,48,48,48,51,51,51
"La Liga","2019/20",12,"Levante",38,14,7,17,47,53,-6,49,0,3,6,6,7,7,8,11,11,11,14,17,17,20,20,20,23,26,26,26,26,26,29,29,32,32,33,34,35,38,38,41,42,43,43,43,46,49
"La Liga","2019/20",13,"Eibar",38,11,9,18,39,56,-17,42,0,1,1,1,2,5,8,9,9,9,12,15,15,15,15,15,16,19,19,22,23,24,24,24,24,27,27,27,28,29,32,35,35,35,36,39,42,42
"La Liga","2019/20",14,"Valladolid",38,9,15,14,32,43,-11,42,3,4,4,5,5,6,9,10,11,14,14,17,17,17,18,19,19,20,21,22,22,25,26,26,29,29,29,32,33,33,34,35,36,39,39,39,39,42
"La Liga","2019/20",15,"Real Betis",38,10,11,17,48,60,-12,41,0,0,3,4,5,8,8,9,9,9,12,13,13,16,19,22,23,23,24,27,27,28,28,29,30,30,33,33,34,34,37,37,37,38,41,41,41,41
"La Liga","2019/20",16,"Alaves",38,10,9,19,34,59,-25,39,3,4,5,5,5,5,8,8,11,11,12,12,15,18,18,18,19,19,20,23,23,24,27,27,30,31,32,32,35,35,35,35,35,35,35,36,39,39
"La Liga","2019/20",17,"Celta Vigo",38,7,16,15,37,49,-12,37,0,3,4,4,5,6,6,9,9,9,9,9,9,12,13,13,14,14,15,16,17,17,20,21,24,25,26,26,27,30,33,34,34,35,36,36,36,37
"La Liga","2019/20",18,"Leganes",38,8,12,18,30,51,-21,36,0,0,0,0,1,2,2,2,2,5,5,5,6,6,6,9,10,13,14,14,15,18,18,19,19,20,23,23,23,24,25,25,25,28,29,32,35,36
"La Liga","2019/20",19,"Mallorca",38,9,6,23,40,65,-25,33,3,3,3,4,4,4,4,7,10,10,11,11,14,14,14,14,15,15,15,18,18,18,18,21,22,22,25,25,25,26,26,26,29,29,32,32,32,33
"La Liga","2019/20",20,"Espanyol",38,5,10,23,27,58,-31,25,0,1,1,4,4,5,5,5,5,8,8,8,8,9,9,9,10,10,11,14,15,15,18,19,19,20,20,23,24,24,24,24,24,24,24,24,24,25
"Major League Soccer","2015",1,"New York Red Bulls",34,18,6,10,62,43,19,60,1,4,7,8,11,12,13,13,16,17,17,17,17,17,20,23,23,26,29,32,33,36,39,39,42,45,45,48,48,51,54,54,57,60,NA,NA,NA,NA
"Major League Soccer","2015",2,"FC Dallas",34,18,6,10,52,39,13,60,3,6,9,10,10,10,13,14,17,20,21,21,21,22,22,23,26,29,32,35,38,38,38,38,41,44,47,47,47,50,51,54,57,60,NA,NA,NA,NA
"Major League Soccer","2015",3,"Vancouver Whitecaps FC",34,16,5,13,45,36,9,53,0,3,6,9,12,13,13,16,16,17,20,20,20,23,23,26,29,32,32,32,33,36,39,42,42,45,45,48,48,48,49,50,50,53,NA,NA,NA,NA
"Major League Soccer","2015",4,"Columbus Crew SC",34,15,8,11,58,53,5,53,0,3,3,4,5,8,11,11,14,14,15,16,16,16,17,20,21,24,24,27,30,31,31,34,35,38,41,41,44,47,47,47,50,53,NA,NA,NA,NA
"Major League Soccer","2015",5,"Portland Timbers",34,15,8,11,41,39,2,53,1,2,3,3,6,6,9,9,10,13,13,13,16,19,22,25,25,28,31,31,32,32,33,36,39,40,40,41,41,44,44,47,50,53,NA,NA,NA,NA
"Major League Soccer","2015",6,"Seattle Sounders FC",34,15,6,13,44,36,8,51,3,3,4,7,7,10,13,16,16,19,20,23,26,26,29,29,29,29,32,32,32,32,32,32,35,35,38,41,42,45,46,47,48,51,NA,NA,NA,NA
"Major League Soccer","2015",7,"Montreal Impact",34,15,6,13,48,44,4,51,0,1,2,2,2,5,8,8,11,14,14,17,17,18,18,21,21,24,27,28,28,28,28,31,32,33,36,39,42,42,42,45,48,51,NA,NA,NA,NA
"Major League Soccer","2015",8,"D.C. United",34,15,6,13,43,45,-2,51,3,3,6,9,10,11,14,17,18,21,21,22,22,25,28,28,28,31,34,35,35,35,38,41,44,44,44,44,45,45,45,48,51,51,NA,NA,NA,NA
"Major League Soccer","2015",9,"LA Galaxy",34,14,9,11,56,46,10,51,3,4,5,5,5,8,11,12,13,14,14,14,17,20,21,21,22,25,28,28,31,34,34,37,40,43,46,46,47,47,50,51,51,51,NA,NA,NA,NA
"Major League Soccer","2015",10,"Sporting Kansas City",34,14,9,11,48,45,3,51,1,1,2,5,8,9,9,10,13,14,17,18,21,24,24,27,30,33,33,34,37,40,40,40,40,41,41,44,44,45,48,48,48,51,NA,NA,NA,NA
"Major League Soccer","2015",11,"New England Revolution",34,14,8,12,48,47,1,50,0,0,1,4,7,8,11,14,17,18,19,19,20,21,21,24,24,24,24,24,24,27,28,31,34,37,40,43,46,46,47,47,47,50,NA,NA,NA,NA
"Major League Soccer","2015",12,"Toronto FC",34,15,4,15,58,58,0,49,3,3,3,3,3,6,9,9,10,13,16,19,19,22,23,23,24,27,28,28,31,31,31,34,37,37,37,37,40,43,46,49,49,49,NA,NA,NA,NA
"Major League Soccer","2015",13,"San Jose Earthquakes",34,13,8,13,41,39,2,47,0,3,6,6,6,9,9,10,13,14,17,18,18,19,22,25,25,25,25,25,26,26,29,32,35,38,38,39,40,40,43,44,47,47,NA,NA,NA,NA
"Major League Soccer","2015",14,"Orlando City SC",34,12,8,14,46,56,-10,44,1,4,4,5,5,8,8,8,9,9,12,13,14,17,20,20,23,24,24,24,24,27,27,28,28,28,29,29,32,35,38,41,44,44,NA,NA,NA,NA
"Major League Soccer","2015",15,"Houston Dynamo",34,11,9,14,42,49,-7,42,3,3,4,5,5,8,9,10,10,10,13,16,16,17,20,20,20,21,24,24,27,28,31,31,32,32,35,35,35,38,41,41,42,42,NA,NA,NA,NA
"Major League Soccer","2015",16,"Real Salt Lake",34,11,8,15,38,48,-10,41,1,2,5,8,9,9,9,10,11,14,14,17,17,17,18,21,21,22,23,23,26,29,29,29,29,32,32,35,38,38,41,41,41,41,NA,NA,NA,NA
"Major League Soccer","2015",17,"New York City FC",34,10,7,17,49,58,-9,37,1,4,5,5,5,6,6,6,6,6,7,7,8,11,14,17,17,20,21,21,24,24,24,27,28,28,28,28,31,34,37,37,37,37,NA,NA,NA,NA
"Major League Soccer","2015",18,"Philadelphia Union",34,10,7,17,42,55,-13,37,1,2,2,2,2,5,6,6,6,6,6,9,12,12,15,15,15,18,19,22,22,22,22,23,24,27,27,30,30,33,34,34,34,37,NA,NA,NA,NA
"Major League Soccer","2015",19,"Colorado Rapids",34,9,10,15,33,43,-10,37,1,2,3,3,6,6,7,8,9,10,13,13,13,14,15,15,15,18,21,24,24,24,24,27,30,33,33,34,34,34,34,34,37,37,NA,NA,NA,NA
"Major League Soccer","2015",20,"Chicago Fire",34,8,6,20,43,58,-15,30,0,0,0,3,6,9,9,9,10,11,14,14,14,14,14,15,18,18,18,19,22,22,23,23,26,27,27,27,27,27,27,30,30,30,NA,NA,NA,NA
"Major League Soccer","2016",1,"FC Dallas",34,17,9,8,50,40,10,60,3,3,6,9,10,11,14,17,17,17,17,20,23,26,27,28,28,31,34,37,37,40,41,44,45,45,48,51,51,52,53,56,59,60,NA,NA,NA,NA
"Major League Soccer","2016",2,"Colorado Rapids",34,15,13,6,39,32,7,58,0,3,4,7,7,10,13,16,17,20,23,24,27,28,31,32,33,34,37,38,38,41,42,43,43,43,46,47,48,51,54,57,57,58,NA,NA,NA,NA
"Major League Soccer","2016",3,"New York Red Bulls",34,16,9,9,61,44,17,57,0,0,3,3,3,3,3,6,9,10,10,13,16,19,22,22,23,23,24,27,28,31,32,33,36,37,40,43,44,45,48,51,54,57,NA,NA,NA,NA
"Major League Soccer","2016",4,"New York City FC",34,15,9,10,62,57,5,54,3,4,4,5,6,6,6,7,10,13,16,17,17,18,18,21,24,27,30,30,33,33,36,37,38,41,41,44,44,45,48,51,51,54,NA,NA,NA,NA
"Major League Soccer","2016",5,"Toronto FC",34,14,11,9,51,39,12,53,3,4,4,4,5,8,11,11,14,14,15,16,16,19,19,20,23,24,24,27,30,33,36,37,40,43,43,46,47,48,49,49,50,53,NA,NA,NA,NA
"Major League Soccer","2016",6,"LA Galaxy",34,12,16,6,54,39,15,52,3,3,6,7,8,11,14,15,18,19,20,20,21,21,22,23,26,29,32,35,36,37,38,38,39,40,43,44,47,48,48,48,51,52,NA,NA,NA,NA
"Major League Soccer","2016",7,"Seattle Sounders FC",34,14,6,14,44,43,1,48,0,0,0,3,4,7,7,10,13,13,13,13,16,16,16,17,17,20,20,20,21,24,27,30,31,31,32,35,38,41,44,45,45,48,NA,NA,NA,NA
"Major League Soccer","2016",8,"Sporting Kansas City",34,13,8,13,42,41,1,47,3,6,9,9,12,12,12,12,13,14,14,14,17,17,17,18,21,22,25,28,28,28,31,34,34,35,38,38,39,40,43,43,44,47,NA,NA,NA,NA
"Major League Soccer","2016",9,"Real Salt Lake",34,12,10,12,44,46,-2,46,1,4,5,8,11,14,14,17,17,17,20,20,23,24,27,27,28,29,29,30,31,34,34,37,37,40,43,44,44,44,45,45,46,46,NA,NA,NA,NA
"Major League Soccer","2016",10,"D.C. United",34,11,13,10,53,47,6,46,0,1,2,2,3,6,6,9,10,10,13,13,16,16,17,20,21,21,22,22,23,24,27,28,29,32,32,33,34,37,40,43,46,46,NA,NA,NA,NA
"Major League Soccer","2016",11,"Montreal Impact",34,11,12,11,49,53,-4,45,3,6,6,6,9,12,12,13,14,15,16,16,19,20,21,24,25,26,26,29,30,33,33,33,34,37,37,38,38,38,41,44,45,45,NA,NA,NA,NA
"Major League Soccer","2016",12,"Portland Timbers",34,12,8,14,48,53,-5,44,3,3,4,4,5,5,8,9,12,12,12,12,15,16,19,20,23,24,25,26,29,29,29,32,32,32,35,35,38,41,41,41,44,44,NA,NA,NA,NA
"Major League Soccer","2016",13,"Philadelphia Union",34,11,9,14,52,55,-3,42,0,3,6,6,9,9,12,13,14,15,18,19,20,23,23,26,26,26,29,30,30,30,31,34,34,37,40,40,41,41,42,42,42,42,NA,NA,NA,NA
"Major League Soccer","2016",14,"New England Revolution",34,11,9,14,44,54,-10,42,1,2,2,3,6,7,8,8,9,10,10,13,13,16,19,19,19,19,22,23,26,26,26,26,26,27,27,30,33,36,36,39,39,42,NA,NA,NA,NA
"Major League Soccer","2016",15,"Orlando City SC",34,9,14,11,55,60,-5,41,1,2,5,8,8,9,9,10,11,11,14,15,16,17,20,20,21,21,22,23,26,26,27,28,28,31,34,34,34,34,35,35,38,41,NA,NA,NA,NA
"Major League Soccer","2016",16,"Vancouver Whitecaps FC",34,10,9,15,45,52,-7,39,0,0,3,6,7,7,7,10,11,11,14,17,20,20,21,21,24,24,25,28,29,30,30,30,30,30,31,31,34,34,35,35,36,39,NA,NA,NA,NA
"Major League Soccer","2016",17,"San Jose Earthquakes",34,8,14,12,32,40,-8,38,3,6,6,7,8,11,11,14,15,15,18,19,20,20,21,22,22,22,25,26,27,28,31,31,32,32,33,34,34,34,37,37,38,38,NA,NA,NA,NA
"Major League Soccer","2016",18,"Columbus Crew SC",34,8,12,14,50,58,-8,36,0,0,1,2,2,5,8,8,9,10,11,14,14,15,16,16,16,17,18,19,19,20,23,23,26,26,26,29,32,32,35,36,36,36,NA,NA,NA,NA
"Major League Soccer","2016",19,"Houston Dynamo",34,7,13,14,39,45,-6,34,1,4,4,4,5,5,5,5,8,8,11,11,12,13,14,14,17,18,18,19,20,20,21,24,25,25,26,29,32,32,32,33,33,34,NA,NA,NA,NA
"Major League Soccer","2016",20,"Chicago Fire",34,7,10,17,42,58,-16,31,0,1,2,5,6,6,7,7,7,7,10,11,11,11,14,14,17,17,17,18,18,19,22,23,23,26,26,27,27,27,27,28,31,31,NA,NA,NA,NA
"Major League Soccer","2017",1,"Toronto FC",34,20,9,5,74,37,37,69,1,2,5,6,7,7,10,13,16,19,22,25,26,29,29,32,35,35,38,39,40,43,44,47,50,53,56,59,62,62,62,65,68,69,NA,NA,NA,NA
"Major League Soccer","2017",2,"New York City FC",34,16,9,9,56,43,13,57,0,3,4,7,7,10,10,13,16,17,17,20,20,21,24,27,30,33,33,34,37,37,40,43,46,47,50,50,51,52,55,56,56,57,NA,NA,NA,NA
"Major League Soccer","2017",3,"Chicago Fire",34,16,7,11,61,47,14,55,1,4,4,5,8,11,11,11,12,15,18,21,24,25,28,31,34,37,38,38,38,41,41,41,41,41,44,45,48,48,51,52,55,55,NA,NA,NA,NA
"Major League Soccer","2017",4,"Atlanta United FC",34,15,10,9,70,40,30,55,0,3,6,7,8,8,11,11,11,12,15,18,18,18,21,21,24,27,30,33,34,35,35,36,39,42,43,46,49,52,53,53,54,55,NA,NA,NA,NA
"Major League Soccer","2017",5,"Columbus Crew SC",34,16,6,12,53,49,4,54,1,1,4,7,10,10,13,13,13,16,16,19,19,19,22,22,22,25,25,28,31,31,32,32,35,36,39,42,43,44,47,50,53,54,NA,NA,NA,NA
"Major League Soccer","2017",6,"Portland Timbers",34,15,8,11,60,50,10,53,3,6,9,9,10,13,13,16,17,17,18,18,18,21,24,24,24,25,26,27,27,30,31,34,34,37,40,41,44,44,47,47,50,53,NA,NA,NA,NA
"Major League Soccer","2017",7,"Seattle Sounders FC",34,14,11,9,52,39,13,53,0,1,4,5,6,6,9,10,10,10,10,13,16,16,19,19,20,21,24,27,30,31,34,37,40,41,42,43,44,44,47,47,50,53,NA,NA,NA,NA
"Major League Soccer","2017",8,"Vancouver Whitecaps FC",34,15,7,12,50,49,1,52,1,1,1,4,4,7,7,10,13,13,16,16,19,20,21,21,24,27,27,30,31,31,34,35,38,41,44,45,48,48,51,51,52,52,NA,NA,NA,NA
"Major League Soccer","2017",9,"New York Red Bulls",34,14,8,12,53,47,6,50,3,6,6,7,7,7,10,13,16,16,16,16,17,20,20,23,23,26,29,32,35,35,38,38,39,40,41,42,42,43,43,46,47,50,NA,NA,NA,NA
"Major League Soccer","2017",10,"Houston Dynamo",34,13,11,10,57,45,12,50,3,6,6,9,9,10,13,13,16,19,19,19,20,23,23,24,25,25,28,29,32,33,34,37,37,38,38,38,39,40,43,46,47,50,NA,NA,NA,NA
"Major League Soccer","2017",11,"Sporting Kansas City",34,12,13,9,40,29,11,49,1,2,5,6,9,12,12,15,18,18,19,22,22,22,25,26,27,30,31,32,33,36,37,37,40,40,41,44,47,47,48,48,49,49,NA,NA,NA,NA
"Major League Soccer","2017",12,"San Jose Earthquakes",34,13,7,14,39,60,-21,46,3,6,6,6,7,8,9,9,12,15,15,16,19,19,19,20,23,26,26,26,26,29,32,32,33,33,36,36,39,39,39,42,43,46,NA,NA,NA,NA
"Major League Soccer","2017",13,"FC Dallas",34,11,13,10,48,48,0,46,3,4,7,10,11,14,15,18,19,19,19,20,23,23,24,25,28,31,34,34,34,35,35,36,36,37,37,38,38,41,42,43,43,46,NA,NA,NA,NA
"Major League Soccer","2017",14,"Real Salt Lake",34,13,6,15,49,55,-6,45,1,1,1,2,2,5,8,8,8,8,8,11,11,14,14,14,17,17,17,20,23,24,25,26,29,29,32,35,35,38,41,42,42,45,NA,NA,NA,NA
"Major League Soccer","2017",15,"New England Revolution",34,13,6,15,53,61,-8,45,0,0,3,4,7,7,8,9,10,10,13,16,16,17,20,20,20,20,20,23,26,26,29,29,29,32,35,35,35,38,38,39,42,45,NA,NA,NA,NA
"Major League Soccer","2017",16,"Philadelphia Union",34,11,9,14,50,47,3,42,1,2,2,2,2,2,3,4,7,10,13,16,16,16,16,19,22,23,23,23,26,26,29,29,30,30,31,32,33,36,36,39,39,42,NA,NA,NA,NA
"Major League Soccer","2017",17,"Montreal Impact",34,11,6,17,52,58,-6,39,0,1,2,3,3,6,7,7,10,10,13,16,17,18,18,21,21,24,24,24,27,30,33,36,36,36,36,36,39,39,39,39,39,39,NA,NA,NA,NA
"Major League Soccer","2017",18,"Orlando City SC",34,10,9,15,39,58,-19,39,3,6,6,9,12,15,18,18,18,19,20,20,20,23,24,25,26,26,29,29,29,30,30,30,31,31,31,34,35,35,38,39,39,39,NA,NA,NA,NA
"Major League Soccer","2017",19,"Minnesota United FC",34,10,6,18,47,70,-23,36,0,0,1,1,4,4,5,8,8,11,11,11,14,14,14,17,18,18,18,19,19,22,22,22,25,26,26,29,32,32,35,36,36,36,NA,NA,NA,NA
"Major League Soccer","2017",20,"Colorado Rapids",34,9,6,19,31,51,-20,33,3,3,4,4,4,4,4,4,7,7,7,10,13,16,16,16,19,19,20,20,21,22,22,22,22,22,25,26,26,26,29,30,33,33,NA,NA,NA,NA
"Major League Soccer","2017",21,"D.C. United",34,9,5,20,31,60,-29,32,1,1,1,4,7,7,8,11,11,11,11,14,14,15,15,18,18,18,18,18,18,18,19,19,22,25,28,28,28,31,32,32,32,32,NA,NA,NA,NA
"Major League Soccer","2017",22,"LA Galaxy",34,8,8,18,45,67,-22,32,0,0,3,3,6,6,6,7,8,11,14,17,18,19,22,22,22,22,22,22,23,23,23,23,23,26,27,27,27,27,28,29,32,32,NA,NA,NA,NA
"Major League Soccer","2018",1,"New York Red Bulls",34,22,5,7,62,33,29,71,3,3,6,6,9,9,12,15,18,21,22,22,23,26,29,32,32,35,38,41,41,44,47,48,49,52,55,55,56,59,62,65,68,71,NA,NA,NA,NA
"Major League Soccer","2018",2,"Atlanta United FC",34,21,6,7,70,44,26,69,0,3,6,9,12,13,16,19,22,22,25,25,26,29,30,33,34,37,37,40,41,44,47,48,51,54,54,57,60,63,63,66,69,69,NA,NA,NA,NA
"Major League Soccer","2018",3,"Sporting Kansas City",34,18,8,8,65,40,25,62,0,3,6,7,10,13,14,17,17,20,23,24,25,28,29,32,32,32,33,33,33,36,39,42,45,45,48,51,51,52,53,56,59,62,NA,NA,NA,NA
"Major League Soccer","2018",4,"Seattle Sounders FC",34,18,5,11,52,37,15,59,0,0,0,1,4,4,5,8,8,8,8,11,11,12,12,15,16,17,20,23,26,29,32,35,38,41,44,44,44,47,50,53,56,59,NA,NA,NA,NA
"Major League Soccer","2018",5,"Los Angeles FC",34,16,9,9,68,52,16,57,3,6,6,6,9,12,15,16,19,20,20,21,21,24,27,30,31,34,35,35,36,36,36,39,42,43,46,47,50,50,53,56,57,57,NA,NA,NA,NA
"Major League Soccer","2018",6,"FC Dallas",34,16,9,9,52,44,8,57,1,4,5,6,9,12,12,13,16,17,20,23,26,29,29,32,35,35,38,39,42,42,42,45,46,46,49,50,53,54,57,57,57,57,NA,NA,NA,NA
"Major League Soccer","2018",7,"New York City FC",34,16,8,10,59,45,14,56,3,6,9,10,13,16,17,17,20,20,21,24,24,27,28,31,31,34,37,40,43,43,44,47,47,48,48,48,49,50,53,53,53,56,NA,NA,NA,NA
"Major League Soccer","2018",8,"Portland Timbers",34,15,9,10,54,48,6,54,0,0,1,2,2,5,8,11,14,17,20,21,22,23,26,29,30,31,34,37,37,37,37,37,40,41,44,44,47,47,48,51,54,54,NA,NA,NA,NA
"Major League Soccer","2018",9,"D.C. United",34,14,9,11,60,50,10,51,1,1,2,2,2,5,5,5,8,9,9,10,10,11,14,14,14,17,18,21,24,27,27,27,30,31,34,35,38,41,44,47,50,51,NA,NA,NA,NA
"Major League Soccer","2018",10,"Columbus Crew SC",34,14,9,11,43,45,-2,51,3,6,7,10,10,10,10,11,14,15,18,21,24,25,26,27,27,27,30,30,30,33,36,39,39,40,43,44,44,47,48,48,48,51,NA,NA,NA,NA
"Major League Soccer","2018",11,"Philadelphia Union",34,15,5,14,49,50,-1,50,3,4,4,5,5,5,8,8,8,11,14,15,18,18,18,21,21,21,24,24,27,27,30,33,36,39,40,40,43,46,47,50,50,50,NA,NA,NA,NA
"Major League Soccer","2018",12,"Real Salt Lake",34,14,7,13,55,58,-3,49,1,1,4,4,7,7,10,10,10,13,13,16,19,22,22,23,23,26,29,29,30,31,34,35,35,38,41,44,45,45,46,46,49,49,NA,NA,NA,NA
"Major League Soccer","2018",13,"LA Galaxy",34,13,9,12,66,64,2,48,3,3,4,7,7,10,10,10,10,10,13,16,16,17,20,21,22,25,28,31,32,35,35,36,37,37,38,38,38,41,44,45,48,48,NA,NA,NA,NA
"Major League Soccer","2018",14,"Vancouver Whitecaps FC",34,13,8,13,54,67,-13,47,3,6,6,7,10,10,10,10,13,13,14,15,16,17,20,23,23,23,26,26,26,29,30,33,34,37,40,40,40,40,43,43,44,47,NA,NA,NA,NA
"Major League Soccer","2018",15,"Montreal Impact",34,14,4,16,47,53,-6,46,0,0,3,6,6,6,6,6,9,9,9,9,9,12,12,15,18,21,24,24,27,28,28,29,30,33,33,36,39,40,40,43,46,46,NA,NA,NA,NA
"Major League Soccer","2018",16,"New England Revolution",34,10,11,13,49,55,-6,41,0,3,4,7,10,10,11,14,14,17,17,18,19,22,23,24,27,28,28,28,28,29,29,29,29,30,33,34,35,35,35,38,38,41,NA,NA,NA,NA
"Major League Soccer","2018",17,"Houston Dynamo",34,10,8,16,58,58,0,38,3,3,4,4,5,8,8,11,12,15,18,18,18,21,21,22,25,26,27,27,27,27,27,27,28,28,28,31,32,35,35,35,35,38,NA,NA,NA,NA
"Major League Soccer","2018",18,"Minnesota United FC",34,11,3,20,49,71,-22,36,0,3,6,6,6,6,6,9,12,12,12,13,16,16,16,16,19,19,22,25,28,28,28,29,29,29,29,30,33,36,36,36,36,36,NA,NA,NA,NA
"Major League Soccer","2018",19,"Toronto FC",34,10,6,18,59,64,-5,36,0,0,3,3,3,4,7,7,7,10,10,11,14,15,15,15,15,16,16,19,22,23,23,24,27,27,27,30,30,33,33,33,33,36,NA,NA,NA,NA
"Major League Soccer","2018",20,"Chicago Fire",34,8,8,18,48,61,-13,32,0,0,1,4,4,7,8,8,11,11,11,14,14,17,18,19,20,23,23,23,23,23,23,23,23,23,24,27,28,28,31,31,31,32,NA,NA,NA,NA
"Major League Soccer","2018",21,"Colorado Rapids",34,8,7,19,36,63,-27,31,0,1,4,5,8,8,8,8,8,8,8,8,8,9,12,15,15,15,16,17,17,20,23,24,24,24,24,24,24,24,24,27,28,31,NA,NA,NA,NA
"Major League Soccer","2018",22,"Orlando City SC",34,8,4,22,43,74,-31,28,1,1,1,4,7,10,13,16,19,19,19,19,19,19,19,19,19,19,22,22,22,22,23,23,23,24,24,24,25,25,25,25,28,28,NA,NA,NA,NA
"Major League Soccer","2018",23,"San Jose Earthquakes",34,4,9,21,49,71,-22,21,3,3,3,4,5,5,5,5,8,9,9,9,9,9,10,11,12,12,12,12,13,16,16,17,17,20,20,20,20,20,20,20,21,21,NA,NA,NA,NA
"Major League Soccer","2019",1,"Los Angeles FC",34,21,9,4,85,37,48,72,3,6,7,10,13,16,19,19,22,23,24,27,30,31,34,37,37,40,43,46,46,49,52,55,58,61,62,62,63,64,65,68,69,72,NA,NA,NA,NA
"Major League Soccer","2019",2,"New York City FC",34,18,10,6,63,42,21,64,1,2,3,3,4,5,8,11,12,15,18,19,20,23,26,29,29,29,32,35,35,38,38,41,44,47,50,53,54,57,58,61,61,64,NA,NA,NA,NA
"Major League Soccer","2019",3,"Atlanta United FC",34,18,4,12,58,43,15,58,0,1,2,2,5,5,8,11,14,17,20,20,20,23,26,26,29,29,30,30,33,36,36,39,42,45,48,48,48,51,54,54,55,58,NA,NA,NA,NA
"Major League Soccer","2019",4,"Seattle Sounders FC",34,16,8,10,52,49,3,56,3,6,9,10,13,16,16,17,18,19,22,25,26,26,26,26,29,29,32,35,35,38,38,39,39,40,43,46,46,49,50,50,53,56,NA,NA,NA,NA
"Major League Soccer","2019",5,"Philadelphia Union",34,16,7,11,58,50,8,55,0,0,1,4,7,10,10,13,14,17,20,23,24,24,25,28,31,32,32,35,36,36,39,39,42,45,45,48,51,52,52,55,55,55,NA,NA,NA,NA
"Major League Soccer","2019",6,"Real Salt Lake",34,16,5,13,46,41,5,53,1,4,4,4,4,4,7,10,10,10,13,16,19,19,19,20,23,26,26,29,30,31,34,37,40,40,43,43,46,46,47,47,50,53,NA,NA,NA,NA
"Major League Soccer","2019",7,"Minnesota United FC",34,15,8,11,52,43,9,53,3,6,6,6,9,10,10,11,14,15,15,18,21,21,21,21,24,27,30,33,34,35,38,38,41,42,42,45,45,48,49,52,53,53,NA,NA,NA,NA
"Major League Soccer","2019",8,"LA Galaxy",34,16,3,15,58,59,-1,51,3,3,6,9,12,15,18,19,22,22,22,22,22,25,28,28,31,31,34,34,37,37,37,37,40,41,42,42,42,45,48,51,51,51,NA,NA,NA,NA
"Major League Soccer","2019",9,"Toronto FC",34,13,11,10,57,52,5,50,3,6,9,10,10,13,13,16,16,16,17,17,17,18,19,19,22,23,23,26,29,29,32,32,33,34,37,38,41,42,45,46,47,50,NA,NA,NA,NA
"Major League Soccer","2019",10,"D.C. United",34,13,11,10,42,38,4,50,3,4,7,10,10,11,14,14,17,17,20,23,24,24,25,26,27,30,31,31,32,35,35,36,36,39,39,39,39,42,45,48,49,50,NA,NA,NA,NA
"Major League Soccer","2019",11,"Portland Timbers",34,14,7,13,52,49,3,49,1,1,1,1,1,1,4,7,10,10,11,14,14,17,17,20,23,24,25,28,31,31,34,37,37,37,40,43,43,43,44,45,46,49,NA,NA,NA,NA
"Major League Soccer","2019",12,"New York Red Bulls",34,14,6,14,53,51,2,48,1,4,4,4,4,5,5,8,11,11,14,17,18,21,24,24,27,27,28,31,31,34,34,37,37,38,41,41,41,41,44,47,48,48,NA,NA,NA,NA
"Major League Soccer","2019",13,"FC Dallas",34,13,9,12,54,46,8,48,1,4,4,7,10,10,13,16,17,17,17,17,18,18,21,22,25,26,26,29,29,32,33,33,36,36,37,40,43,43,44,45,45,48,NA,NA,NA,NA
"Major League Soccer","2019",14,"New England Revolution",34,11,12,11,50,57,-7,45,1,1,1,1,4,4,4,7,7,8,8,8,11,12,13,16,17,20,23,24,27,30,33,33,34,35,38,39,39,40,41,42,45,45,NA,NA,NA,NA
"Major League Soccer","2019",15,"San Jose Earthquakes",34,13,5,16,52,55,-3,44,0,0,0,0,3,3,6,7,8,11,11,14,17,18,19,22,25,25,28,31,34,37,38,38,38,38,41,44,44,44,44,44,44,44,NA,NA,NA,NA
"Major League Soccer","2019",16,"Colorado Rapids",34,12,6,16,58,63,-5,42,1,1,2,2,2,2,2,2,2,2,2,5,8,9,12,15,16,19,19,20,20,20,23,26,26,27,27,30,33,36,36,39,42,42,NA,NA,NA,NA
"Major League Soccer","2019",17,"Chicago Fire",34,10,12,12,55,47,8,42,0,1,1,4,5,6,9,9,9,10,13,16,16,17,18,18,19,19,22,22,22,23,23,24,27,30,30,33,33,34,37,38,39,42,NA,NA,NA,NA
"Major League Soccer","2019",18,"Montreal Impact",34,12,5,17,47,60,-13,41,3,3,6,6,7,8,11,11,14,17,17,20,20,21,21,24,24,27,30,30,30,30,30,33,33,33,34,34,37,37,37,37,38,41,NA,NA,NA,NA
"Major League Soccer","2019",19,"Houston Dynamo",34,12,4,18,49,59,-10,40,1,4,7,10,13,13,16,19,19,20,23,23,24,24,24,24,27,27,27,27,30,30,30,30,30,31,31,31,34,34,37,37,37,40,NA,NA,NA,NA
"Major League Soccer","2019",20,"Columbus Crew SC",34,10,8,16,39,47,-8,38,1,4,7,7,10,13,13,13,13,13,13,16,16,16,16,17,17,17,17,17,17,18,21,24,25,26,27,27,30,31,34,35,38,38,NA,NA,NA,NA
"Major League Soccer","2019",21,"Sporting Kansas City",34,10,8,16,49,67,-18,38,0,3,4,7,8,9,9,10,10,10,11,14,14,15,16,19,19,19,22,25,25,25,28,28,28,31,34,37,37,37,37,37,38,38,NA,NA,NA,NA
"Major League Soccer","2019",22,"Orlando City SC",34,9,10,15,44,52,-8,37,1,2,2,5,5,8,8,11,12,12,12,12,15,15,18,18,21,21,22,25,26,26,26,29,30,33,34,34,34,35,36,36,37,37,NA,NA,NA,NA
"Major League Soccer","2019",23,"Vancouver Whitecaps FC",34,8,10,16,37,59,-22,34,0,0,0,1,1,2,5,5,6,9,12,12,13,14,17,18,19,20,20,20,20,20,20,21,24,24,27,27,27,27,30,31,34,34,NA,NA,NA,NA
"Major League Soccer","2019",24,"FC Cincinnati",34,6,6,22,31,75,-44,24,0,1,4,7,7,8,8,8,8,8,8,11,11,11,11,11,11,11,14,17,17,17,17,17,18,18,18,18,18,21,21,22,23,24,NA,NA,NA,NA
"Premier League","2015/16",1,"Leicester City",38,23,12,3,68,36,32,81,3,6,7,8,11,12,12,15,16,19,22,25,28,29,32,35,38,38,39,40,43,44,47,50,53,53,56,57,60,63,66,69,72,73,76,77,80,81
"Premier League","2015/16",2,"Arsenal",38,20,11,7,65,36,29,71,0,3,4,7,10,10,13,16,19,22,25,26,26,27,30,33,36,36,39,42,43,44,44,45,48,51,51,51,52,55,58,61,62,63,64,67,68,71
"Premier League","2015/16",3,"Tottenham Hotspur",38,19,13,6,69,35,34,70,0,1,2,3,6,9,12,13,14,17,20,21,24,25,26,26,29,32,35,36,36,39,42,45,48,51,54,54,55,58,61,62,65,68,69,70,70,70
"Premier League","2015/16",4,"Manchester City",38,19,9,10,71,41,30,66,3,6,9,12,15,15,15,18,21,22,25,26,26,29,29,32,32,35,36,39,40,43,44,47,47,47,48,48,51,52,52,55,58,61,64,64,65,66
"Premier League","2015/16",5,"Manchester United",38,19,9,10,49,35,14,66,3,6,7,7,10,13,16,16,19,20,21,24,27,28,29,29,29,29,30,33,34,37,37,40,41,41,44,47,47,50,53,56,56,59,59,60,63,66
"Premier League","2015/16",6,"Southampton",38,18,9,11,59,41,18,63,1,1,2,5,6,6,9,12,13,14,17,20,20,20,21,21,21,24,24,24,27,30,33,34,37,40,40,40,41,44,47,47,50,51,54,57,60,63
"Premier League","2015/16",7,"West Ham United",38,16,14,8,65,51,14,62,3,3,3,6,9,12,13,14,17,20,20,21,21,22,23,24,25,26,29,32,35,35,36,39,39,40,43,46,49,52,53,54,55,56,59,62,62,62
"Premier League","2015/16",8,"Liverpool",38,16,12,10,63,50,13,60,3,6,7,7,7,8,11,12,13,14,17,17,20,23,23,24,24,27,30,30,31,31,34,34,35,38,41,44,47,48,48,49,52,55,56,56,59,60
"Premier League","2015/16",9,"Stoke City",38,14,9,15,41,55,-14,51,0,1,2,2,2,3,6,9,12,12,13,16,19,19,22,23,23,26,29,29,32,33,33,33,33,36,39,42,43,43,46,47,47,47,47,48,48,51
"Premier League","2015/16",10,"Chelsea",38,12,14,12,59,53,6,50,1,1,4,4,4,7,8,8,11,11,11,11,14,15,15,15,18,19,20,23,24,25,28,29,30,33,36,39,40,41,42,45,45,45,48,49,49,50
"Premier League","2015/16",11,"Everton",38,11,14,13,59,55,4,47,1,4,4,5,8,9,12,13,13,13,16,17,20,21,22,23,23,26,26,27,28,29,29,32,35,35,35,38,38,38,38,38,39,40,41,44,44,47
"Premier League","2015/16",12,"Swansea City",38,12,11,15,42,52,-10,47,1,4,5,8,8,9,9,10,10,13,13,13,14,14,14,14,15,18,19,19,19,22,25,26,27,27,27,30,33,33,36,37,40,40,40,43,46,47
"Premier League","2015/16",13,"Watford",38,12,9,17,40,50,-10,45,1,2,3,3,6,9,9,10,10,13,16,16,16,19,22,25,28,29,29,29,29,29,32,33,33,36,37,37,37,37,37,37,38,41,41,44,44,45
"Premier League","2015/16",14,"West Bromwich Albion",38,10,13,15,34,48,-14,43,0,1,1,4,5,8,8,8,11,14,14,14,17,18,19,20,20,20,23,26,27,27,28,29,29,32,35,36,39,39,39,40,40,40,41,41,42,43
"Premier League","2015/16",15,"Crystal Palace",38,11,9,18,39,51,-12,42,3,3,6,9,9,9,12,15,15,15,16,19,19,22,23,26,29,30,31,31,31,31,31,31,32,32,32,33,33,33,33,34,37,38,39,39,42,42
"Premier League","2015/16",16,"Bournemouth",38,11,9,18,45,67,-22,42,0,0,3,4,4,7,7,8,8,8,8,8,9,10,13,16,19,20,20,21,21,24,25,28,28,28,29,32,35,38,38,38,41,41,41,41,42,42
"Premier League","2015/16",17,"Sunderland",38,9,12,17,48,62,-14,39,0,0,1,2,2,2,2,3,3,6,6,6,9,12,12,12,12,12,12,15,18,18,19,19,20,23,23,24,25,28,29,30,30,33,34,35,38,39
"Premier League","2015/16",18,"Newcastle United",38,9,10,19,44,65,-21,37,1,1,2,2,2,2,3,3,6,6,7,10,10,10,13,16,17,17,17,17,18,21,21,21,24,24,25,25,25,25,26,26,26,29,30,33,34,37
"Premier League","2015/16",19,"Norwich City",38,9,7,22,39,67,-28,34,0,3,4,4,7,8,9,9,9,9,9,12,12,13,13,14,17,17,20,23,23,23,23,23,23,24,24,24,24,25,28,31,31,31,34,34,34,34
"Premier League","2015/16",20,"Aston Villa",38,3,8,27,27,76,-49,17,3,3,3,4,4,4,4,4,4,4,4,5,5,5,6,6,7,8,8,8,11,12,13,13,16,16,16,16,16,16,16,16,16,16,16,16,17,17
"Premier League","2016/17",1,"Chelsea",38,30,3,5,85,33,52,93,3,6,9,10,10,10,13,16,19,22,25,28,31,34,37,40,43,46,49,49,52,55,56,59,60,63,66,69,72,72,75,78,78,81,84,87,90,93
"Premier League","2016/17",2,"Tottenham Hotspur",38,26,8,4,86,26,60,86,1,4,5,8,11,14,17,18,19,20,21,24,24,27,27,30,33,36,39,42,45,46,47,50,50,53,56,59,62,65,68,71,74,77,80,80,83,86
"Premier League","2016/17",3,"Manchester City",38,23,9,6,80,39,41,78,3,6,9,12,15,18,18,19,20,23,24,27,30,30,30,33,36,39,39,42,42,43,46,49,52,53,56,57,58,59,59,62,65,68,69,72,75,78
"Premier League","2016/17",4,"Liverpool",38,22,10,6,78,42,36,76,3,3,4,7,10,13,16,17,20,23,26,27,30,30,31,34,37,40,43,44,45,45,46,46,49,49,52,55,56,59,60,63,66,66,69,70,73,76
"Premier League","2016/17",5,"Arsenal",38,23,6,9,77,44,33,75,0,1,4,7,10,13,16,19,20,23,24,25,28,31,34,34,34,37,40,41,44,47,47,47,50,53,53,56,56,57,60,60,63,66,66,69,72,75
"Premier League","2016/17",6,"Manchester United",38,18,15,5,54,29,25,69,3,6,9,9,9,12,13,14,14,15,18,19,20,21,24,27,30,33,36,39,40,41,42,45,48,49,50,51,54,55,56,59,62,65,66,66,66,69
"Premier League","2016/17",7,"Everton",38,17,10,11,62,44,18,61,1,4,7,10,13,13,14,15,15,18,18,19,19,20,20,23,23,26,27,30,33,36,37,40,41,44,44,47,50,50,51,54,57,58,58,58,61,61
"Premier League","2016/17",8,"Southampton",38,12,10,16,41,48,-7,46,1,1,2,2,5,8,9,12,13,13,13,14,17,17,20,21,24,24,24,24,24,27,27,27,30,30,33,34,34,35,38,41,41,41,42,43,46,46
"Premier League","2016/17",9,"Bournemouth",38,12,10,16,55,67,-12,46,0,0,1,4,4,7,8,11,12,12,12,15,15,18,18,21,21,21,24,25,25,26,26,26,26,26,27,30,33,34,35,35,35,38,41,42,45,46
"Premier League","2016/17",10,"West Bromwich Albion",38,12,9,17,43,51,-8,45,3,3,4,4,7,8,9,10,10,10,13,16,17,20,20,23,23,23,26,29,29,32,33,36,37,40,40,40,43,44,44,44,44,44,44,45,45,45
"Premier League","2016/17",11,"West Ham United",38,12,9,17,47,64,-17,45,0,3,3,3,3,3,4,7,10,10,11,11,12,12,13,16,19,22,22,22,25,28,28,31,32,33,33,33,33,33,33,36,37,38,39,42,42,45
"Premier League","2016/17",12,"Leicester City",38,12,8,18,48,63,-15,44,0,1,4,4,7,7,8,8,11,12,12,12,13,13,16,16,17,17,20,21,21,21,21,21,21,24,27,27,30,33,36,36,37,37,40,43,43,44
"Premier League","2016/17",13,"Stoke City",38,11,11,16,41,56,-15,44,1,1,1,1,1,2,3,6,9,12,13,13,16,19,19,20,21,21,21,24,27,28,29,29,32,32,35,36,36,36,36,36,39,39,40,41,41,44
"Premier League","2016/17",14,"Crystal Palace",38,12,5,21,50,63,-13,41,0,0,1,4,7,10,11,11,11,11,11,11,11,14,15,15,15,16,16,16,16,16,19,19,19,22,25,25,28,31,31,34,35,38,38,38,41,41
"Premier League","2016/17",15,"Swansea City",38,12,5,21,45,70,-25,41,3,3,3,4,4,4,4,4,5,5,5,6,9,9,12,12,12,12,12,15,15,18,21,21,24,24,27,27,27,28,28,28,28,31,32,35,38,41
"Premier League","2016/17",16,"Burnley",38,11,7,20,39,55,-16,40,0,3,3,4,4,7,7,7,10,11,14,14,14,14,17,17,17,20,23,23,26,26,29,29,30,31,31,31,32,32,35,36,36,36,39,40,40,40
"Premier League","2016/17",17,"Watford",38,11,7,20,40,68,-28,40,1,1,1,4,7,7,8,11,12,15,15,18,18,18,21,21,21,22,22,22,23,24,27,30,30,31,31,31,31,34,37,37,40,40,40,40,40,40
"Premier League","2016/17",18,"Hull City",38,9,7,22,37,80,-43,34,3,6,6,7,7,7,7,7,7,7,10,10,11,11,12,12,12,12,13,13,16,16,17,20,20,21,21,24,24,27,30,30,30,33,34,34,34,34
"Premier League","2016/17",19,"Middlesbrough",38,5,13,20,27,53,-26,28,1,4,5,5,5,5,6,6,7,10,11,11,12,15,15,15,18,18,18,19,20,20,21,21,22,22,22,25,25,26,26,27,27,27,28,28,28,28
"Premier League","2016/17",20,"Sunderland",38,6,6,26,29,69,-40,24,0,0,1,1,1,1,2,2,2,2,5,8,8,11,11,11,14,14,14,15,15,15,16,19,19,19,19,19,20,20,20,20,21,21,21,24,24,24
"Premier League","2017/18",1,"Manchester City",38,32,4,2,106,27,79,100,3,4,7,10,13,16,19,22,25,28,31,34,37,40,43,46,49,52,55,58,59,62,62,65,68,69,72,75,78,81,84,87,87,90,93,96,97,100
"Premier League","2017/18",2,"Manchester United",38,25,6,7,68,28,40,81,3,6,9,10,13,16,19,20,20,23,23,26,29,32,35,35,38,41,42,43,44,47,50,53,53,56,56,59,62,65,66,69,72,72,75,78,78,81
"Premier League","2017/18",3,"Tottenham Hotspur",38,23,8,7,74,36,38,77,3,3,4,7,8,11,14,17,20,20,23,23,24,24,25,28,31,31,34,37,38,41,44,45,48,49,52,55,58,61,64,67,70,70,71,74,74,77
"Premier League","2017/18",4,"Liverpool",38,21,12,5,84,38,46,75,1,4,7,7,8,11,12,13,13,16,19,22,23,26,29,30,31,34,35,38,41,44,47,47,50,51,54,57,60,60,63,66,67,70,71,72,72,75
"Premier League","2017/18",5,"Chelsea",38,21,7,10,62,38,24,70,0,3,6,9,10,13,13,13,16,19,22,25,26,29,32,32,35,38,39,42,45,46,47,50,50,50,53,53,53,56,59,59,60,63,64,67,70,70
"Premier League","2017/18",6,"Arsenal",38,19,6,13,74,51,23,63,3,3,3,6,7,10,13,13,16,19,19,22,25,28,28,29,30,33,34,37,38,39,39,42,42,45,45,45,45,48,48,51,54,54,57,57,60,63
"Premier League","2017/18",7,"Burnley",38,14,12,12,36,39,-3,54,3,3,4,7,8,9,12,13,13,16,19,22,22,25,25,28,31,32,32,33,34,34,34,34,35,36,36,37,40,43,43,46,49,52,53,54,54,54
"Premier League","2017/18",8,"Everton",38,13,10,15,44,58,-14,49,3,4,4,4,4,7,7,8,8,8,11,12,12,15,18,19,22,25,26,27,27,27,27,28,31,31,34,34,34,37,40,40,41,42,45,48,49,49
"Premier League","2017/18",9,"Leicester City",38,12,11,15,56,60,-4,47,0,3,3,3,4,4,5,6,9,12,13,13,14,17,20,23,26,26,27,27,27,30,31,34,34,35,35,36,37,40,43,46,46,46,47,47,47,47
"Premier League","2017/18",10,"Newcastle United",38,12,8,18,39,47,-8,44,0,0,3,6,9,9,10,11,14,14,14,14,14,15,15,15,15,15,18,18,19,22,23,23,24,25,28,29,29,32,32,35,38,41,41,41,41,44
"Premier League","2017/18",11,"Crystal Palace",38,11,11,16,45,55,-10,44,0,0,0,0,0,0,0,3,3,4,4,5,8,9,10,11,14,17,18,18,19,22,25,25,26,27,27,27,27,27,30,30,31,34,35,38,41,44
"Premier League","2017/18",12,"Bournemouth",38,11,11,16,45,61,-16,44,0,0,0,0,3,3,4,4,7,7,10,13,14,14,15,16,16,16,16,17,20,21,24,25,28,31,31,32,33,33,36,37,38,38,38,38,41,44
"Premier League","2017/18",13,"West Ham United",38,10,12,16,48,68,-20,42,0,0,0,3,4,4,7,8,8,9,9,9,10,10,10,13,14,17,17,18,19,22,25,26,27,27,30,30,30,30,31,34,35,36,36,36,39,42
"Premier League","2017/18",14,"Watford",38,11,8,19,44,64,-20,41,1,4,5,8,8,11,12,15,15,15,15,18,21,21,22,22,22,22,22,25,25,25,26,26,27,30,30,33,36,36,36,37,37,37,38,38,41,41
"Premier League","2017/18",15,"Brighton",38,9,13,16,34,54,-20,40,0,0,1,4,4,7,7,8,11,12,15,16,16,17,17,17,17,18,21,21,22,23,23,23,24,27,28,31,34,34,34,34,35,35,36,37,40,40
"Premier League","2017/18",16,"Huddersfield Town",38,9,10,19,28,58,-30,37,3,6,7,7,8,9,9,9,12,12,15,15,15,15,15,18,18,21,22,23,24,24,24,24,24,24,27,30,30,31,31,31,32,35,36,36,37,37
"Premier League","2017/18",17,"Southampton",38,7,15,16,37,56,-19,36,1,4,5,5,8,8,8,9,12,13,13,13,16,16,17,18,18,18,19,19,20,20,21,22,23,26,26,27,28,28,31,31,31,31,32,35,36,36
"Premier League","2017/18",18,"Swansea City",38,8,9,21,28,56,-28,33,1,1,4,4,5,5,5,8,8,8,8,8,9,9,9,12,12,12,13,13,16,16,17,20,23,24,27,27,30,31,31,31,32,33,33,33,33,33
"Premier League","2017/18",19,"Stoke City",38,7,12,19,35,68,-33,33,0,3,4,5,5,5,8,8,8,11,12,13,13,13,16,16,16,16,19,20,20,20,20,23,24,24,25,26,27,27,27,27,27,28,29,30,30,33
"Premier League","2017/18",20,"West Bromwich Albion",38,6,13,19,31,56,-25,31,3,6,7,7,8,8,9,10,10,10,10,10,11,12,13,13,14,14,14,15,16,16,19,20,20,20,20,20,20,20,20,20,21,24,25,28,31,31
"Premier League","2018/19",1,"Manchester City",38,32,2,4,95,23,72,98,3,6,7,10,13,16,19,20,23,26,29,32,35,38,41,41,44,44,44,47,50,53,56,56,59,62,65,68,71,74,77,80,83,86,89,92,95,98
"Premier League","2018/19",2,"Liverpool",38,30,7,1,89,22,67,97,3,6,9,12,15,18,19,20,23,26,27,30,33,36,39,42,45,48,51,54,54,57,60,61,62,65,66,69,70,73,76,79,82,85,88,91,94,97
"Premier League","2018/19",3,"Chelsea",38,21,9,8,63,39,24,72,3,6,9,12,15,16,17,20,21,24,27,28,28,31,31,34,37,37,40,43,44,47,47,47,50,50,53,56,59,60,60,63,66,66,67,68,71,72
"Premier League","2018/19",4,"Tottenham Hotspur",38,23,2,13,67,39,28,71,3,6,9,9,9,12,15,18,21,21,24,27,30,30,33,36,39,42,45,45,48,48,51,54,57,60,60,60,61,61,64,64,67,70,70,70,70,71
"Premier League","2018/19",5,"Arsenal",38,21,7,10,73,51,22,70,0,0,3,6,9,12,15,18,21,22,23,24,27,30,31,34,34,37,38,38,41,41,44,47,47,50,53,56,57,60,60,63,63,66,66,66,67,70
"Premier League","2018/19",6,"Manchester United",38,19,9,10,65,54,11,66,3,3,3,6,9,10,10,13,14,17,20,20,21,22,23,26,26,29,32,35,38,41,44,45,48,51,52,55,58,58,58,61,61,64,64,65,66,66
"Premier League","2018/19",7,"Wolverhampton Wanderers",38,16,9,13,47,46,1,57,1,1,2,5,8,9,12,15,15,15,15,16,16,16,19,22,25,25,26,29,29,29,32,35,38,39,40,40,43,44,47,47,50,50,51,54,57,57
"Premier League","2018/19",8,"Everton",38,15,9,14,54,46,8,54,1,4,5,6,6,6,9,12,15,15,18,19,22,22,23,24,24,24,27,27,27,30,30,33,33,33,33,36,37,37,40,43,46,46,49,50,53,54
"Premier League","2018/19",9,"Leicester City",38,15,7,16,51,48,3,52,0,3,6,6,6,9,12,12,12,13,16,17,18,21,22,22,22,25,28,28,31,31,31,32,32,32,32,35,35,38,41,44,47,47,48,51,51,52
"Premier League","2018/19",10,"West Ham United",38,15,7,16,52,55,-3,52,0,0,0,0,3,4,7,7,7,8,11,12,12,15,18,21,24,24,27,27,28,31,31,31,32,33,36,36,39,39,42,42,42,42,43,46,49,52
"Premier League","2018/19",11,"Watford",38,14,8,16,52,59,-7,50,3,6,9,12,12,13,13,13,16,19,19,20,20,20,20,21,24,27,27,28,29,32,33,33,34,37,40,40,43,43,44,44,47,47,50,50,50,50
"Premier League","2018/19",12,"Crystal Palace",38,14,7,17,51,53,-2,49,3,3,3,3,6,7,7,7,7,8,8,8,9,12,12,12,15,18,19,19,22,22,22,23,26,27,30,30,33,33,33,36,39,39,42,43,46,49
"Premier League","2018/19",13,"Newcastle United",38,12,9,17,42,48,-6,45,0,1,1,1,1,2,2,2,2,3,6,9,12,12,13,13,16,17,17,18,18,18,21,24,24,25,28,31,31,34,35,35,35,38,41,42,42,45
"Premier League","2018/19",14,"Bournemouth",38,13,6,19,56,70,-14,45,3,6,7,7,10,10,13,16,17,20,20,20,20,20,23,23,23,26,26,26,27,27,30,33,33,33,34,34,34,37,38,38,38,41,41,42,45,45
"Premier League","2018/19",15,"Burnley",38,11,7,20,45,68,-23,40,1,1,1,1,1,4,7,8,8,8,8,9,9,9,9,12,12,12,12,15,18,21,22,23,24,27,30,30,30,30,30,33,36,39,40,40,40,40
"Premier League","2018/19",16,"Southampton",38,9,12,17,45,65,-20,39,1,1,1,4,5,5,5,5,6,7,7,8,8,9,9,9,12,15,15,15,16,19,22,23,24,24,24,27,27,30,31,34,34,37,37,38,38,39
"Premier League","2018/19",17,"Brighton",38,9,9,20,35,60,-25,36,0,3,3,4,5,5,5,8,11,14,14,14,15,18,21,21,21,21,22,25,26,26,26,26,27,27,27,27,30,33,33,33,33,33,34,35,36,36
"Premier League","2018/19",18,"Cardiff City",38,10,4,24,34,69,-35,34,0,1,2,2,2,2,2,2,5,5,5,8,8,11,11,14,14,14,15,18,18,19,19,19,22,25,25,25,25,28,31,31,31,31,31,31,31,34
"Premier League","2018/19",19,"Fulham",38,7,5,26,34,81,-47,26,0,0,3,4,4,5,5,5,5,5,5,5,8,8,9,9,9,10,11,14,14,14,14,17,17,17,17,17,17,17,17,17,17,20,23,26,26,26
"Premier League","2018/19",20,"Huddersfield Town",38,3,7,28,22,76,-54,16,0,0,1,2,2,2,2,3,3,3,6,7,10,10,10,10,10,10,10,10,10,11,11,11,11,11,11,14,14,14,14,14,14,14,14,14,15,16
"Premier League","2019/20",1,"Liverpool",38,32,3,3,85,33,52,99,3,6,9,12,15,18,21,24,25,28,31,34,37,40,43,46,49,52,55,58,61,64,67,70,73,76,79,79,82,83,86,86,89,92,93,93,96,99
"Premier League","2019/20",2,"Manchester City",38,26,3,9,102,35,67,81,3,4,7,10,10,13,16,16,19,22,25,25,28,29,32,32,35,38,38,41,44,47,48,51,51,54,57,60,60,63,63,66,66,69,72,75,78,81
"Premier League","2019/20",3,"Manchester United",38,18,12,8,66,36,30,66,3,4,4,5,8,8,9,9,10,13,13,16,17,18,21,24,25,25,28,31,31,34,34,34,35,38,41,42,45,46,49,52,55,58,59,62,63,66
"Premier League","2019/20",4,"Chelsea",38,20,6,12,69,54,15,66,0,1,4,5,8,8,11,14,17,20,23,26,26,26,29,29,29,32,32,35,36,39,39,40,41,41,44,45,48,51,54,54,57,60,60,63,63,66
"Premier League","2019/20",5,"Leicester City",38,18,8,12,67,41,26,62,1,2,5,8,8,11,14,14,17,20,23,26,29,32,35,38,39,39,39,42,45,45,45,48,49,50,50,50,53,54,55,55,58,59,59,62,62,62
"Premier League","2019/20",6,"Tottenham Hotspur",38,16,11,11,61,47,14,59,3,4,4,5,8,8,11,11,12,12,13,14,17,20,20,23,26,26,29,30,30,30,31,34,37,40,40,40,41,42,45,45,48,49,52,55,58,59
"Premier League","2019/20",7,"Wolverhampton Wanderers",38,15,14,9,51,40,11,59,1,2,3,3,3,4,7,10,11,12,13,16,19,20,23,24,24,27,30,30,30,31,34,34,35,36,39,42,43,46,49,52,52,52,55,56,59,59
"Premier League","2019/20",8,"Arsenal",38,14,14,10,56,48,8,56,3,6,6,7,8,11,12,15,15,16,17,17,18,19,19,22,22,23,24,24,27,28,29,30,31,34,37,37,40,40,43,46,49,50,50,53,53,56
"Premier League","2019/20",9,"Sheffield United",38,14,12,12,39,39,0,54,1,4,4,5,5,8,8,9,12,13,16,17,18,19,19,22,25,28,29,29,29,32,33,33,36,39,40,41,44,44,44,47,48,51,54,54,54,54
"Premier League","2019/20",10,"Burnley",38,15,9,14,43,50,-7,54,3,3,4,4,5,8,9,12,12,12,12,15,18,18,18,18,21,24,24,24,24,24,27,30,31,34,37,38,39,39,42,45,46,49,50,51,54,54
"Premier League","2019/20",11,"Southampton",38,15,7,16,51,60,-9,52,0,0,3,4,7,7,7,7,8,8,8,8,9,12,15,15,15,18,21,22,25,28,28,31,31,31,34,34,34,37,37,40,43,44,45,46,49,52
"Premier League","2019/20",12,"Everton",38,13,10,15,44,56,-12,49,1,4,4,7,7,7,7,7,10,10,11,14,14,14,14,17,18,19,22,25,25,28,29,30,33,36,36,37,37,38,41,44,44,45,45,46,49,49
"Premier League","2019/20",13,"Newcastle United",38,11,11,16,38,58,-20,44,0,0,3,4,4,5,5,8,8,9,12,15,15,16,19,22,22,25,25,25,25,26,29,30,31,31,31,32,35,38,39,42,43,43,43,43,44,44
"Premier League","2019/20",14,"Crystal Palace",38,11,10,17,31,50,-19,43,1,1,4,7,7,8,11,14,14,15,15,15,15,18,21,22,23,23,26,27,28,29,30,30,30,30,33,36,39,42,42,42,42,42,42,42,42,43
"Premier League","2019/20",15,"Brighton",38,9,14,15,39,54,-15,41,3,4,4,4,5,6,6,9,9,12,15,15,15,15,18,19,20,20,20,23,24,24,25,25,26,27,28,28,29,32,33,33,36,36,36,37,38,41
"Premier League","2019/20",16,"West Ham United",38,10,9,19,49,62,-13,39,0,1,4,7,8,11,12,12,12,13,13,13,13,16,16,16,19,19,19,19,22,22,23,23,24,24,24,27,27,27,27,30,31,31,34,37,38,39
"Premier League","2019/20",17,"Aston Villa",38,9,8,21,41,67,-26,35,0,0,3,3,4,4,5,8,11,11,11,11,14,15,15,15,15,15,18,18,21,21,22,25,25,25,25,26,26,26,27,27,27,27,30,31,34,35
"Premier League","2019/20",18,"Bournemouth",38,9,7,22,40,65,-25,34,1,4,4,4,7,10,11,11,12,13,16,16,16,16,16,16,19,19,20,20,20,20,20,23,26,26,26,27,27,27,27,27,27,28,31,31,31,34
"Premier League","2019/20",19,"Watford",38,8,10,20,36,64,-28,34,0,0,0,1,2,2,2,3,4,5,5,8,8,8,8,9,9,12,13,16,19,22,23,23,23,24,24,27,27,28,28,28,28,31,34,34,34,34
"Premier League","2019/20",20,"Norwich City",38,5,6,27,26,75,-49,21,0,3,3,3,6,6,6,6,7,7,7,7,10,11,11,11,12,12,12,13,14,14,17,17,18,18,18,21,21,21,21,21,21,21,21,21,21,21
